2026-07-26T01:19:14.835Z INFO     optionspilot.engine | SPY: short 11.5% | conservative | no trade
  gate: poor setup: confidence 11.5% < required 80% (conservative mode)
  passed: trend alignment (+0.50); volume (+0.53); momentum (+0.20); trend strength (ADX) (+0.51)
  failed: market structure (-0.70); support/resistance (-0.10); liquidity sweep (-1.00); no consolidation (-0.50)
  - CHOCH up through 738.66 on 5m (0 bars ago)
  + higher-timeframe trend: 1d=range, 4h=down
  + supertrend: 1d=bear, 4h=bear
  - liquidity grab below lows at 737.64 on 5m
  - price in discount of swing range 740.80–750.02 (position -0.20)
  + elevated volume (4.7x average) confirming flow on 15m
  + price at unmitigated resistance (bearish FVG/OB) on 15m
  + price below VWAP on 15m
  + ADX 26 with -DI leading on 15m
  + MACD histogram -0.328 and rising on 15m
  + EMA stack: 0/4 timeframes bullish, 1 bearish
  + net selling pressure -0.05 on 15m
  + RSI(14) = 45 on 15m
  - entry timeframe is consolidating — confidence damped 25%
2026-07-26T01:19:15.059Z INFO     optionspilot.engine | QQQ: short 42.5% | conservative | no trade
  gate: average setup: confidence 42.5% < required 80% (conservative mode)
  passed: trend alignment (+1.00); market structure (+0.70); volume (+0.54); momentum (+0.44); trend strength (ADX) (+0.65)
  failed: support/resistance (-1.00); no opposing divergence (-1.00)
  + higher-timeframe trend: 1d=down, 4h=down
  + CHOCH down through 687.70 on 15m (6 bars ago)
  + supertrend: 1d=bear, 4h=bear
  - bullish price/OBV divergence on 15m
  - price in discount of swing range 686.76–710.05 (position -0.11)
  + elevated volume (3.4x average) confirming flow on 15m
  + ADX 33 with -DI leading on 15m
  + EMA stack: 0/4 timeframes bullish, 2 bearish
  + price below VWAP on 15m
  + RSI(14) = 38 on 15m
  + MACD histogram -0.286 and rising on 15m
  + net selling pressure -0.08 on 15m
2026-07-26T01:19:32.940Z INFO     optionspilot.engine | SPY: long 13.6% | conservative | no trade
  gate: poor setup: confidence 13.6% < required 80% (conservative mode)
  passed: market structure (+0.70); volume (+0.39); momentum (+0.70); trend strength (ADX) (+0.61)
  failed: trend alignment (-1.00); support/resistance (-0.41)
  - higher-timeframe trend: 1d=down, 4h=down
  + CHOCH up through 743.51 on 15m (9 bars ago)
  - supertrend: 1d=bear, 4h=bear
  + EMA stack: 3/3 timeframes bullish, 0 bearish
  + RSI(14) = 71 on 15m
  + ADX 31 with +DI leading on 15m
  + price above VWAP on 15m
  + MACD histogram +0.744 and falling on 15m
  + net buying pressure +0.39 on 15m
  - price in premium of swing range 716.58–756.68 (position 0.70)
2026-07-26T01:19:32.988Z INFO     optionspilot.engine | SPY: long 23.0% | conservative | no trade
  gate: poor setup: confidence 23.0% < required 80% (conservative mode)
  passed: market structure (+0.70); volume (+0.41); momentum (+0.70); trend strength (ADX) (+0.62)
  failed: trend alignment (-0.50); support/resistance (-0.41)
  + CHOCH up through 743.51 on 15m (10 bars ago)
  - higher-timeframe trend: 1d=down, 4h=range
  - supertrend: 1d=bear, 4h=bear
  + EMA stack: 3/3 timeframes bullish, 0 bearish
  + RSI(14) = 71 on 15m
  + ADX 31 with +DI leading on 15m
  + price above VWAP on 15m
  + net buying pressure +0.41 on 15m
  + MACD histogram +0.645 and falling on 15m
  - price in premium of swing range 716.58–756.68 (position 0.70)
2026-07-26T01:19:33.018Z INFO     optionspilot.engine | SPY: long 23.3% | conservative | no trade
  gate: poor setup: confidence 23.3% < required 80% (conservative mode)
  passed: market structure (+0.70); volume (+0.43); momentum (+0.70); trend strength (ADX) (+0.64)
  failed: trend alignment (-0.50); support/resistance (-0.41)
  + CHOCH up through 743.51 on 15m (11 bars ago)
  - higher-timeframe trend: 1d=down, 4h=range
  - supertrend: 1d=bear, 4h=bear
  + EMA stack: 3/3 timeframes bullish, 0 bearish
  + RSI(14) = 72 on 15m
  + ADX 32 with +DI leading on 15m
  + price above VWAP on 15m
  + net buying pressure +0.43 on 15m
  + MACD histogram +0.550 and falling on 15m
  - price in premium of swing range 716.58–756.68 (position 0.70)
2026-07-26T01:19:33.050Z INFO     optionspilot.engine | SPY: long 22.5% | conservative | no trade
  gate: poor setup: confidence 22.5% < required 80% (conservative mode)
  passed: market structure (+0.70); volume (+0.39); momentum (+0.67); trend strength (ADX) (+0.64)
  failed: trend alignment (-0.50); support/resistance (-0.41)
  + CHOCH up through 743.51 on 15m (12 bars ago)
  - higher-timeframe trend: 1d=down, 4h=range
  - supertrend: 1d=bear, 4h=bear
  + EMA stack: 3/3 timeframes bullish, 0 bearish
  + RSI(14) = 69 on 15m
  + ADX 32 with +DI leading on 15m
  + price above VWAP on 15m
  + MACD histogram +0.429 and falling on 15m
  + net buying pressure +0.39 on 15m
  - price in premium of swing range 716.58–756.68 (position 0.70)
2026-07-26T01:19:33.070Z INFO     optionspilot.engine | SPY: long 18.5% | conservative | no trade
  gate: poor setup: confidence 18.5% < required 80% (conservative mode)
  passed: volume (+0.38); momentum (+0.68); trend strength (ADX) (+0.65); candlestick confirmation (+0.60)
  failed: trend alignment (-0.50); support/resistance (-0.41)
  - higher-timeframe trend: 1d=down, 4h=range
  - supertrend: 1d=bear, 4h=bear
  + EMA stack: 3/3 timeframes bullish, 0 bearish
  + RSI(14) = 69 on 15m
  + ADX 32 with +DI leading on 15m
  + price above VWAP on 15m
  + candlesticks: hammer (15m)
  + MACD histogram +0.324 and falling on 15m
  + net buying pressure +0.38 on 15m
  - price in premium of swing range 716.58–756.68 (position 0.70)
2026-07-26T01:19:33.100Z INFO     optionspilot.engine | SPY: long 6.9% | conservative | no trade
  gate: poor setup: confidence 6.9% < required 80% (conservative mode)
  passed: volume (+0.31); momentum (+0.60); trend strength (ADX) (+0.66)
  failed: trend alignment (-0.50); support/resistance (-0.41); candlestick confirmation (-0.60)
  - higher-timeframe trend: 1d=down, 4h=range
  - supertrend: 1d=bear, 4h=bear
  + EMA stack: 3/3 timeframes bullish, 0 bearish
  + RSI(14) = 67 on 15m
  + ADX 33 with +DI leading on 15m
  + price above VWAP on 15m
  - candlesticks: bearish_engulfing (15m)
  + MACD histogram +0.211 and falling on 15m
  - price in premium of swing range 716.58–756.68 (position 0.70)
  + net buying pressure +0.31 on 15m
2026-07-26T01:19:33.121Z INFO     optionspilot.engine | SPY: long 27.0% | conservative | no trade
  gate: poor setup: confidence 27.0% < required 80% (conservative mode)
  passed: market structure (+1.00); volume (+0.35); momentum (+0.70); trend strength (ADX) (+0.67)
  failed: trend alignment (-0.50); support/resistance (-0.41)
  + BOS up through 751.12 on 15m (0 bars ago)
  - higher-timeframe trend: 1d=down, 4h=range
  - supertrend: 1d=bear, 4h=bear
  + EMA stack: 3/3 timeframes bullish, 0 bearish
  + RSI(14) = 71 on 15m
  + ADX 33 with +DI leading on 15m
  + price above VWAP on 15m
  + MACD histogram +0.174 and falling on 15m
  + net buying pressure +0.35 on 15m
  - price in premium of swing range 716.58–756.68 (position 0.70)
2026-07-26T01:19:33.145Z INFO     optionspilot.engine | SPY: long 14.8% | conservative | no trade
  gate: poor setup: confidence 14.8% < required 80% (conservative mode)
  passed: market structure (+1.00); volume (+0.38); momentum (+0.53); trend strength (ADX) (+0.68)
  failed: trend alignment (-0.50); support/resistance (-0.41); liquidity sweep (-1.00)
  + BOS up through 751.12 on 15m (1 bars ago)
  - higher-timeframe trend: 1d=down, 4h=range
  - supertrend: 1d=bear, 4h=bear
  + EMA stack: 3/3 timeframes bullish, 0 bearish
  - liquidity grab above highs at 751.12 on 15m
  + RSI(14) = 65 on 15m
  + ADX 34 with +DI leading on 15m
  + price above VWAP on 15m
  + MACD histogram +0.086 and falling on 15m
  + net buying pressure +0.38 on 15m
  - price in premium of swing range 716.58–756.68 (position 0.70)
2026-07-26T01:19:33.192Z INFO     optionspilot.engine | SPY: short 24.9% | conservative | no trade
  gate: poor setup: confidence 24.9% < required 80% (conservative mode)
  passed: trend alignment (+0.50); market structure (+0.70); momentum (+0.33); support/resistance (+0.41); liquidity sweep (+1.00)
  failed: volume (-0.31); trend strength (ADX) (-0.66)
  + CHOCH down through 750.37 on 15m (0 bars ago)
  + higher-timeframe trend: 1d=down, 4h=range
  + supertrend: 1d=bear, 4h=bear
  + MACD histogram -0.026 and falling on 15m
  + liquidity grab above highs at 751.12 on 15m
  - EMA stack: 2/3 timeframes bullish, 0 bearish
  - ADX 33 with +DI leading on 15m
  - price above VWAP on 15m
  - RSI(14) = 60 on 15m
  + price in premium of swing range 716.58–756.68 (position 0.70)
  - net buying pressure +0.31 on 15m
2026-07-26T01:19:33.236Z INFO     optionspilot.engine | SPY: short 19.6% | conservative | no trade
  gate: poor setup: confidence 19.6% < required 80% (conservative mode)
  passed: trend alignment (+0.50); market structure (+0.70); momentum (+0.32); support/resistance (+0.41); liquidity sweep (+1.00)
  failed: volume (-0.16); trend strength (ADX) (-0.65); no consolidation (-0.50)
  + CHOCH down through 750.37 on 15m (1 bars ago)
  + higher-timeframe trend: 1d=down, 4h=range
  + supertrend: 1d=bear, 4h=bear
  + MACD histogram -0.105 and falling on 15m
  + liquidity grab above highs at 751.12 on 15m
  - EMA stack: 2/3 timeframes bullish, 0 bearish
  - ADX 32 with +DI leading on 15m
  - price above VWAP on 15m
  - RSI(14) = 60 on 15m
  + price in premium of swing range 716.58–756.68 (position 0.70)
  - net buying pressure +0.16 on 15m
  - entry timeframe is consolidating — confidence damped 25%
2026-07-26T01:19:33.276Z INFO     optionspilot.engine | SPY: short 11.5% | conservative | no trade
  gate: poor setup: confidence 11.5% < required 80% (conservative mode)
  passed: trend alignment (+0.50); market structure (+0.70); momentum (+0.18); support/resistance (+0.41); liquidity sweep (+1.00)
  failed: volume (-0.22); trend strength (ADX) (-0.64); candlestick confirmation (-0.60); no consolidation (-0.50)
  + CHOCH down through 750.37 on 15m (2 bars ago)
  + higher-timeframe trend: 1d=down, 4h=range
  + supertrend: 1d=bear, 4h=bear
  - EMA stack: 3/3 timeframes bullish, 0 bearish
  + MACD histogram -0.107 and falling on 15m
  + liquidity grab above highs at 751.12 on 15m
  - RSI(14) = 65 on 15m
  - ADX 32 with +DI leading on 15m
  - price above VWAP on 15m
  - candlesticks: morning_star (15m)
  + price in premium of swing range 716.58–756.68 (position 0.70)
  - net buying pressure +0.22 on 15m
  - entry timeframe is consolidating — confidence damped 25%
2026-07-26T01:19:33.306Z INFO     optionspilot.engine | SPY: short 7.3% | conservative | no trade
  gate: poor setup: confidence 7.3% < required 80% (conservative mode)
  passed: trend alignment (+0.50); market structure (+0.70); liquidity sweep (+1.00)
  failed: volume (-0.15); momentum (-0.17); support/resistance (-0.20); trend strength (ADX) (-0.65); no consolidation (-0.50)
  + CHOCH down through 750.37 on 15m (3 bars ago)
  + higher-timeframe trend: 1d=down, 4h=range
  + supertrend: 1d=bear, 4h=bear
  - EMA stack: 3/3 timeframes bullish, 0 bearish
  + liquidity grab above highs at 751.53 on 15m
  - RSI(14) = 66 on 15m
  - price at unmitigated support (bullish FVG/OB) on 15m
  - ADX 32 with +DI leading on 15m
  - price above VWAP on 15m
  + MACD histogram -0.095 and rising on 15m
  + price in premium of swing range 716.58–756.68 (position 0.70)
  - net buying pressure +0.15 on 15m
  - entry timeframe is consolidating — confidence damped 25%
2026-07-26T01:19:33.348Z INFO     optionspilot.engine | SPY: short 11.3% | conservative | no trade
  gate: poor setup: confidence 11.3% < required 80% (conservative mode)
  passed: trend alignment (+0.50); market structure (+0.70); momentum (+0.15); liquidity sweep (+1.00)
  failed: volume (-0.15); support/resistance (-0.20); trend strength (ADX) (-0.65); no consolidation (-0.50)
  + CHOCH down through 750.37 on 15m (4 bars ago)
  + higher-timeframe trend: 1d=down, 4h=range
  + supertrend: 1d=bear, 4h=bear
  - EMA stack: 3/3 timeframes bullish, 0 bearish
  + MACD histogram -0.101 and falling on 15m
  + liquidity grab above highs at 751.53 on 15m
  - RSI(14) = 65 on 15m
  - price at unmitigated support (bullish FVG/OB) on 15m
  - ADX 32 with +DI leading on 15m
  - price above VWAP on 15m
  + price in premium of swing range 716.58–756.68 (position 0.70)
  - net buying pressure +0.15 on 15m
  - entry timeframe is consolidating — confidence damped 25%
2026-07-26T01:19:33.392Z INFO     optionspilot.engine | SPY: long 2.8% | conservative | no trade
  gate: poor setup: confidence 2.8% < required 80% (conservative mode)
  passed: market structure (+0.70); momentum (+0.25); trend strength (ADX) (+0.66)
  failed: trend alignment (-0.50); volume (+0.11); support/resistance (-0.41); liquidity sweep (-1.00); no consolidation (-0.50)
  + CHOCH up through 751.53 on 15m (0 bars ago)
  - higher-timeframe trend: 1d=down, 4h=range
  - supertrend: 1d=bear, 4h=bear
  + EMA stack: 3/3 timeframes bullish, 0 bearish
  + RSI(14) = 69 on 15m
  - liquidity grab above highs at 751.53 on 15m
  + ADX 33 with +DI leading on 15m
  + price above VWAP on 15m
  - MACD histogram -0.068 and rising on 15m
  - price in premium of swing range 716.58–756.68 (position 0.70)
  + net buying pressure +0.11 on 15m
  - entry timeframe is consolidating — confidence damped 25%
2026-07-26T01:19:33.421Z INFO     optionspilot.engine | SPY: long 4.8% | conservative | no trade
  gate: poor setup: confidence 4.8% < required 80% (conservative mode)
  passed: market structure (+0.70); volume (+0.28); momentum (+0.21); trend strength (ADX) (+0.67)
  failed: trend alignment (-0.50); support/resistance (-0.41); liquidity sweep (-1.00)
  + CHOCH up through 751.53 on 15m (1 bars ago)
  - higher-timeframe trend: 1d=down, 4h=range
  - supertrend: 1d=bear, 4h=bear
  + EMA stack: 3/3 timeframes bullish, 0 bearish
  - liquidity grab above highs at 751.53 on 15m
  + RSI(14) = 67 on 15m
  + ADX 33 with +DI leading on 15m
  + price above VWAP on 15m
  - MACD histogram -0.065 and rising on 15m
  - price in premium of swing range 716.58–756.68 (position 0.70)
  + elevated volume (1.4x average) confirming flow on 15m
  + net buying pressure +0.01 on 15m
2026-07-26T01:19:33.441Z INFO     optionspilot.engine | SPY: long 7.6% | conservative | no trade
  gate: poor setup: confidence 7.6% < required 80% (conservative mode)
  passed: market structure (+0.70); volume (+0.41); momentum (+0.28); trend strength (ADX) (+0.68)
  failed: trend alignment (-0.50); support/resistance (-0.41); liquidity sweep (-1.00)
  + CHOCH up through 751.53 on 15m (2 bars ago)
  - higher-timeframe trend: 1d=down, 4h=range
  - supertrend: 1d=bear, 4h=bear
  + EMA stack: 3/3 timeframes bullish, 0 bearish
  + RSI(14) = 70 on 15m
  - liquidity grab above highs at 751.53 on 15m
  + ADX 34 with +DI leading on 15m
  + price above VWAP on 15m
  + elevated volume (1.8x average) confirming flow on 15m
  - MACD histogram -0.040 and rising on 15m
  - price in premium of swing range 716.58–756.68 (position 0.70)
  + net buying pressure +0.09 on 15m
2026-07-26T01:19:33.461Z INFO     optionspilot.engine | SPY: long 2.1% | conservative | no trade
  gate: poor setup: confidence 2.1% < required 80% (conservative mode)
  passed: market structure (+0.70); volume (+0.49); trend strength (ADX) (+0.70)
  failed: trend alignment (-0.50); momentum (-0.10); support/resistance (-0.41); liquidity sweep (-1.00)
  + CHOCH up through 751.53 on 15m (3 bars ago)
  - higher-timeframe trend: 1d=down, 4h=range
  - supertrend: 1d=bear, 4h=bear
  + EMA stack: 3/3 timeframes bullish, 0 bearish
  - MACD histogram -0.051 and falling on 15m
  - liquidity grab above highs at 751.53 on 15m
  + RSI(14) = 67 on 15m
  + ADX 35 with +DI leading on 15m
  + elevated volume (2.3x average) confirming flow on 15m
  + price above VWAP on 15m
  - price in premium of swing range 716.58–756.68 (position 0.70)
  + net buying pressure +0.06 on 15m
2026-07-26T01:19:33.502Z INFO     optionspilot.engine | SPY: short 6.2% | conservative | no trade
  gate: poor setup: confidence 6.2% < required 80% (conservative mode)
  passed: volume (+0.51); momentum (+0.33); support/resistance (+0.41); liquidity sweep (+1.00)
  failed: trend alignment (-0.00); market structure (-0.70); trend strength (ADX) (-0.68)
  - CHOCH up through 751.53 on 15m (4 bars ago)
  + supertrend: 1d=bear, 4h=bear
  + MACD histogram -0.113 and falling on 15m
  + liquidity grab above highs at 751.53 on 15m
  - EMA stack: 2/3 timeframes bullish, 0 bearish
  + elevated volume (7.1x average) confirming flow on 15m
  - ADX 34 with +DI leading on 15m
  - price above VWAP on 15m
  - RSI(14) = 60 on 15m
  + price in premium of swing range 716.58–756.68 (position 0.70)
  + net selling pressure -0.02 on 15m
  + higher-timeframe trend: 1d=down, 4h=up
2026-07-26T01:19:33.547Z INFO     optionspilot.engine | SPY: short 4.4% | conservative | no trade
  gate: poor setup: confidence 4.4% < required 80% (conservative mode)
  passed: volume (+0.45); momentum (+0.50); support/resistance (+0.73); trend strength (ADX) (+0.64)
  failed: trend alignment (-0.00); market structure (-0.70); liquidity sweep (-1.00)
  - CHOCH up through 751.53 on 15m (5 bars ago)
  + supertrend: 1d=bear, 4h=bear
  + MACD histogram -0.232 and falling on 15m
  - liquidity grab below lows at 749.63 on 15m
  - EMA stack: 2/3 timeframes bullish, 0 bearish
  + price in premium of swing range 716.58–756.68 (position 0.87)
  + elevated volume (2.2x average) confirming flow on 15m
  + ADX 32 with -DI leading on 15m
  - price above VWAP on 15m
  + net selling pressure -0.03 on 15m
  + higher-timeframe trend: 1d=down, 4h=up
  + RSI(14) = 51 on 15m
2026-07-26T01:19:33.576Z INFO     optionspilot.engine | SPY: short 27.0% | conservative | no trade
  gate: average setup: confidence 27.0% < required 80% (conservative mode)
  passed: market structure (+0.70); momentum (+0.56); support/resistance (+0.73); trend strength (ADX) (+0.62)
  failed: trend alignment (-0.00); volume (+0.03); liquidity sweep (-1.00)
  + CHOCH down through 749.63 on 15m (0 bars ago)
  + supertrend: 1d=bear, 4h=bear
  + MACD histogram -0.389 and falling on 15m
  - liquidity grab below lows at 749.63 on 15m
  - EMA stack: 2/3 timeframes bullish, 0 bearish
  + price in premium of swing range 716.58–756.68 (position 0.87)
  + ADX 31 with -DI leading on 15m
  + price below VWAP on 15m
  + RSI(14) = 43 on 15m
  + net selling pressure -0.03 on 15m
  + higher-timeframe trend: 1d=down, 4h=up
2026-07-26T01:19:33.597Z INFO     optionspilot.engine | SPY: short 32.3% | conservative | no trade
  gate: average setup: confidence 32.3% < required 80% (conservative mode)
  passed: market structure (+0.70); momentum (+0.83); support/resistance (+0.73); trend strength (ADX) (+0.62)
  failed: trend alignment (-0.00); volume (+0.10); liquidity sweep (-1.00)
  + CHOCH down through 749.63 on 15m (1 bars ago)
  + supertrend: 1d=bear, 4h=bear
  + MACD histogram -0.593 and falling on 15m
  - liquidity grab below lows at 749.63 on 15m
  - EMA stack: 2/3 timeframes bullish, 0 bearish
  + RSI(14) = 35 on 15m
  + price in premium of swing range 716.58–756.68 (position 0.87)
  + ADX 31 with -DI leading on 15m
  + price below VWAP on 15m
  + net selling pressure -0.10 on 15m
  + higher-timeframe trend: 1d=down, 4h=up
2026-07-26T01:19:33.618Z INFO     optionspilot.engine | SPY: short 32.9% | conservative | no trade
  gate: average setup: confidence 32.9% < required 80% (conservative mode)
  passed: market structure (+0.70); momentum (+0.87); support/resistance (+0.73); trend strength (ADX) (+0.63)
  failed: trend alignment (-0.00); volume (+0.09); liquidity sweep (-1.00)
  + CHOCH down through 749.63 on 15m (2 bars ago)
  + supertrend: 1d=bear, 4h=bear
  + MACD histogram -0.720 and falling on 15m
  - liquidity grab below lows at 749.63 on 15m
  + RSI(14) = 34 on 15m
  - EMA stack: 2/3 timeframes bullish, 0 bearish
  + price in premium of swing range 716.58–756.68 (position 0.87)
  + ADX 31 with -DI leading on 15m
  + price below VWAP on 15m
  + net selling pressure -0.09 on 15m
  + higher-timeframe trend: 1d=down, 4h=up
2026-07-26T01:19:33.640Z INFO     optionspilot.engine | SPY: short 35.0% | conservative | no trade
  gate: average setup: confidence 35.0% < required 80% (conservative mode)
  passed: market structure (+0.70); momentum (+0.98); support/resistance (+0.73); trend strength (ADX) (+0.65)
  failed: trend alignment (-0.00); volume (+0.10); liquidity sweep (-1.00)
  + CHOCH down through 749.63 on 15m (3 bars ago)
  + supertrend: 1d=bear, 4h=bear
  + MACD histogram -0.827 and falling on 15m
  + RSI(14) = 31 on 15m
  - liquidity grab below lows at 749.63 on 15m
  - EMA stack: 2/3 timeframes bullish, 0 bearish
  + price in premium of swing range 716.58–756.68 (position 0.87)
  + ADX 32 with -DI leading on 15m
  + price below VWAP on 15m
  + net selling pressure -0.10 on 15m
  + higher-timeframe trend: 1d=down, 4h=up
2026-07-26T01:19:33.681Z INFO     optionspilot.engine | SPY: short 27.2% | conservative | no trade
  gate: average setup: confidence 27.2% < required 80% (conservative mode)
  passed: market structure (+0.70); momentum (+0.52); support/resistance (+0.73); trend strength (ADX) (+0.67)
  failed: trend alignment (-0.00); volume (+0.09); liquidity sweep (-1.00)
  + CHOCH down through 749.63 on 15m (4 bars ago)
  + supertrend: 1d=bear, 4h=bear
  - liquidity grab below lows at 749.63 on 15m
  - EMA stack: 2/3 timeframes bullish, 0 bearish
  + RSI(14) = 35 on 15m
  + price in premium of swing range 716.58–756.68 (position 0.87)
  + ADX 33 with -DI leading on 15m
  + price below VWAP on 15m
  + MACD histogram -0.815 and rising on 15m
  + net selling pressure -0.09 on 15m
  + higher-timeframe trend: 1d=down, 4h=up
2026-07-26T01:19:33.713Z INFO     optionspilot.engine | SPY: short 28.5% | conservative | no trade
  gate: average setup: confidence 28.5% < required 80% (conservative mode)
  passed: market structure (+0.70); momentum (+0.57); support/resistance (+0.73); trend strength (ADX) (+0.68)
  failed: trend alignment (-0.00); volume (+0.14); liquidity sweep (-1.00)
  + CHOCH down through 749.63 on 15m (5 bars ago)
  + supertrend: 1d=bear, 4h=bear
  - liquidity grab below lows at 749.63 on 15m
  + RSI(14) = 34 on 15m
  - EMA stack: 2/3 timeframes bullish, 0 bearish
  + price in premium of swing range 716.58–756.68 (position 0.87)
  + ADX 34 with -DI leading on 15m
  + price below VWAP on 15m
  + MACD histogram -0.792 and rising on 15m
  + net selling pressure -0.14 on 15m
  + higher-timeframe trend: 1d=down, 4h=up
2026-07-26T01:19:33.753Z INFO     optionspilot.engine | SPY: short 27.2% | conservative | no trade
  gate: average setup: confidence 27.2% < required 80% (conservative mode)
  passed: market structure (+0.70); momentum (+0.49); support/resistance (+0.73); trend strength (ADX) (+0.70)
  failed: trend alignment (-0.00); volume (+0.12); liquidity sweep (-1.00)
  + CHOCH down through 749.63 on 15m (6 bars ago)
  + supertrend: 1d=bear, 4h=bear
  - liquidity grab below lows at 749.63 on 15m
  - EMA stack: 2/3 timeframes bullish, 0 bearish
  + RSI(14) = 36 on 15m
  + price in premium of swing range 716.58–756.68 (position 0.87)
  + ADX 35 with -DI leading on 15m
  + price below VWAP on 15m
  + MACD histogram -0.719 and rising on 15m
  + net selling pressure -0.12 on 15m
  + higher-timeframe trend: 1d=down, 4h=up
2026-07-26T01:19:33.779Z INFO     optionspilot.engine | SPY: short 21.4% | conservative | no trade
  gate: poor setup: confidence 21.4% < required 80% (conservative mode)
  passed: market structure (+0.70); momentum (+0.48); support/resistance (+0.73); trend strength (ADX) (+0.72)
  failed: trend alignment (-0.00); volume (+0.09); liquidity sweep (-1.00); candlestick confirmation (-0.60)
  + CHOCH down through 749.63 on 15m (7 bars ago)
  + supertrend: 1d=bear, 4h=bear
  - liquidity grab below lows at 749.63 on 15m
  - EMA stack: 2/3 timeframes bullish, 0 bearish
  + price in premium of swing range 716.58–756.68 (position 0.87)
  + ADX 36 with -DI leading on 15m
  + RSI(14) = 37 on 15m
  + price below VWAP on 15m
  - candlesticks: hammer (15m)
  + MACD histogram -0.632 and rising on 15m
  + net selling pressure -0.09 on 15m
  + higher-timeframe trend: 1d=down, 4h=up
2026-07-26T01:19:33.833Z INFO     optionspilot.engine | SPY: short 26.1% | conservative | no trade
  gate: average setup: confidence 26.1% < required 80% (conservative mode)
  passed: market structure (+0.70); momentum (+0.25); support/resistance (+0.77); trend strength (ADX) (+0.71)
  failed: trend alignment (-0.00); volume (+0.08); liquidity sweep (-1.00)
  + CHOCH down through 749.63 on 15m (8 bars ago)
  + supertrend: 1d=bear, 4h=bear
  - liquidity grab below lows at 749.63 on 15m
  - EMA stack: 2/3 timeframes bullish, 0 bearish
  + price in premium of swing range 716.58–756.68 (position 0.87)
  + ADX 35 with -DI leading on 15m
  + price at unmitigated resistance (bearish FVG/OB) on 15m
  + price below VWAP on 15m
  + MACD histogram -0.483 and rising on 15m
  + RSI(14) = 43 on 15m
  + net selling pressure -0.08 on 15m
  + higher-timeframe trend: 1d=down, 4h=up
2026-07-26T01:19:33.871Z INFO     optionspilot.engine | SPY: short 22.6% | conservative | no trade
  gate: average setup: confidence 22.6% < required 80% (conservative mode)
  passed: market structure (+0.70); momentum (+0.20); support/resistance (+0.73); trend strength (ADX) (+0.68)
  failed: trend alignment (-0.00); volume (+0.04)
  + CHOCH down through 749.63 on 15m (9 bars ago)
  + supertrend: 1d=bear, 4h=bear
  - EMA stack: 2/3 timeframes bullish, 0 bearish
  + price in premium of swing range 716.58–756.68 (position 0.87)
  + ADX 34 with -DI leading on 15m
  - price above VWAP on 15m
  + MACD histogram -0.319 and rising on 15m
  + net selling pressure -0.04 on 15m
  + higher-timeframe trend: 1d=down, 4h=up
  + RSI(14) = 48 on 15m
2026-07-26T01:19:33.904Z INFO     optionspilot.engine | SPY: short 22.5% | conservative | no trade
  gate: average setup: confidence 22.5% < required 80% (conservative mode)
  passed: market structure (+0.70); momentum (+0.20); support/resistance (+0.73); trend strength (ADX) (+0.64)
  failed: trend alignment (-0.00); volume (+0.06)
  + CHOCH down through 749.63 on 15m (10 bars ago)
  + supertrend: 1d=bear, 4h=bear
  - EMA stack: 2/3 timeframes bullish, 0 bearish
  + price in premium of swing range 716.58–756.68 (position 0.87)
  + ADX 32 with -DI leading on 15m
  - price above VWAP on 15m
  + MACD histogram -0.150 and rising on 15m
  + net selling pressure -0.06 on 15m
  + higher-timeframe trend: 1d=down, 4h=up
  + RSI(14) = 52 on 15m
2026-07-26T01:19:33.927Z INFO     optionspilot.engine | SPY: short 22.1% | conservative | no trade
  gate: average setup: confidence 22.1% < required 80% (conservative mode)
  passed: market structure (+0.70); momentum (+0.20); support/resistance (+0.73); trend strength (ADX) (+0.60)
  failed: trend alignment (-0.00); volume (+0.04)
  + CHOCH down through 749.63 on 15m (11 bars ago)
  + supertrend: 1d=bear, 4h=bear
  - EMA stack: 2/3 timeframes bullish, 0 bearish
  + price in premium of swing range 716.58–756.68 (position 0.87)
  - price above VWAP on 15m
  + ADX 30 with -DI leading on 15m
  + MACD histogram -0.026 and rising on 15m
  + net selling pressure -0.04 on 15m
  + higher-timeframe trend: 1d=down, 4h=up
  + RSI(14) = 53 on 15m
2026-07-26T01:19:33.948Z INFO     optionspilot.engine | SPY: short 8.0% | conservative | no trade
  gate: poor setup: confidence 8.0% < required 80% (conservative mode)
  passed: market structure (+0.70); support/resistance (+0.73); trend strength (ADX) (+0.56)
  failed: trend alignment (-0.00); volume (-0.07); momentum (-0.50)
  + CHOCH down through 749.63 on 15m (12 bars ago)
  + supertrend: 1d=bear, 4h=bear
  - MACD histogram +0.062 and rising on 15m
  - EMA stack: 2/3 timeframes bullish, 0 bearish
  + price in premium of swing range 716.58–756.68 (position 0.87)
  - price above VWAP on 15m
  + ADX 28 with -DI leading on 15m
  - net buying pressure +0.07 on 15m
  + higher-timeframe trend: 1d=down, 4h=up
  + RSI(14) = 53 on 15m
2026-07-26T01:19:33.969Z INFO     optionspilot.engine | SPY: long 2.0% | conservative | no trade
  gate: poor setup: confidence 2.0% < required 80% (conservative mode)
  passed: momentum (+0.50); trend strength (ADX) (+0.52)
  failed: trend alignment (+0.00); volume (+0.02); support/resistance (-0.73); candlestick confirmation (-1.00)
  - supertrend: 1d=bear, 4h=bear
  + MACD histogram +0.108 and rising on 15m
  - candlesticks: shooting_star (15m), bearish_engulfing (15m)
  + EMA stack: 2/3 timeframes bullish, 0 bearish
  - price in premium of swing range 716.58–756.68 (position 0.87)
  + price above VWAP on 15m
  + ADX 26 with +DI leading on 15m
  + net buying pressure +0.02 on 15m
  + higher-timeframe trend: 1d=down, 4h=up
  + RSI(14) = 52 on 15m
2026-07-26T01:19:33.990Z INFO     optionspilot.engine | SPY: long 2.6% | conservative | no trade
  gate: poor setup: confidence 2.6% < required 80% (conservative mode)
  passed: momentum (+0.50)
  failed: trend alignment (+0.00); volume (+0.07); support/resistance (-0.73); trend strength (ADX) (-0.49)
  - supertrend: 1d=bear, 4h=bear
  + MACD histogram +0.136 and rising on 15m
  + EMA stack: 2/3 timeframes bullish, 0 bearish
  - price in premium of swing range 716.58–756.68 (position 0.87)
  + price above VWAP on 15m
  - ADX 24 with -DI leading on 15m
  + net buying pressure +0.07 on 15m
  + higher-timeframe trend: 1d=down, 4h=up
  + RSI(14) = 52 on 15m
2026-07-26T01:19:34.012Z INFO     optionspilot.engine | SPY: long 4.1% | conservative | no trade
  gate: poor setup: confidence 4.1% < required 80% (conservative mode)
  passed: volume (+0.19); momentum (+0.50)
  failed: trend alignment (+0.00); support/resistance (-0.73); trend strength (ADX) (-0.46)
  - supertrend: 1d=bear, 4h=bear
  + MACD histogram +0.167 and rising on 15m
  + EMA stack: 2/3 timeframes bullish, 0 bearish
  - price in premium of swing range 716.58–756.68 (position 0.87)
  + price above VWAP on 15m
  - ADX 23 with -DI leading on 15m
  + net buying pressure +0.19 on 15m
  + higher-timeframe trend: 1d=down, 4h=up
  + RSI(14) = 54 on 15m
2026-07-26T01:19:34.045Z INFO     optionspilot.engine | SPY: long 12.9% | conservative | no trade
  gate: poor setup: confidence 12.9% < required 80% (conservative mode)
  passed: volume (+0.29); momentum (+0.50); candlestick confirmation (+0.60)
  failed: trend alignment (+0.00); support/resistance (-0.73); trend strength (ADX) (-0.43)
  - supertrend: 1d=bear, 4h=bear
  + EMA stack: 3/3 timeframes bullish, 0 bearish
  + MACD histogram +0.184 and rising on 15m
  - price in premium of swing range 716.58–756.68 (position 0.87)
  + price above VWAP on 15m
  + candlesticks: hammer (15m)
  - ADX 22 with -DI leading on 15m
  + net buying pressure +0.29 on 15m
  + higher-timeframe trend: 1d=down, 4h=up
  + RSI(14) = 55 on 15m
2026-07-26T01:19:34.072Z INFO     optionspilot.engine | SPY: short 1.5% | conservative | no trade
  gate: poor setup: confidence 1.5% < required 80% (conservative mode)
  passed: support/resistance (+0.73); trend strength (ADX) (+0.41); candlestick confirmation (+0.60)
  failed: trend alignment (-0.00); volume (-0.35); momentum (-0.20)
  + supertrend: 1d=bear, 4h=bear
  - EMA stack: 3/3 timeframes bullish, 0 bearish
  + price in premium of swing range 716.58–756.68 (position 0.87)
  - price above VWAP on 15m
  + candlesticks: bearish_engulfing (15m)
  - MACD histogram +0.175 and falling on 15m
  - net buying pressure +0.35 on 15m
  + ADX 20 with -DI leading on 15m
  + higher-timeframe trend: 1d=down, 4h=up
  + RSI(14) = 53 on 15m
2026-07-26T01:19:34.102Z INFO     optionspilot.engine | SPY: long 6.5% | conservative | no trade
  gate: average setup: confidence 6.5% < required 80% (conservative mode)
  passed: volume (+0.32); momentum (+0.20)
  failed: trend alignment (+0.00); support/resistance (-0.73); trend strength (ADX) (+0.00)
  - supertrend: 1d=bear, 4h=bear
  + EMA stack: 3/3 timeframes bullish, 0 bearish
  - price in premium of swing range 716.58–756.68 (position 0.87)
  + price above VWAP on 15m
  + MACD histogram +0.162 and falling on 15m
  + net buying pressure +0.32 on 15m
  + higher-timeframe trend: 1d=down, 4h=up
  + RSI(14) = 53 on 15m
  + ADX 19: no meaningful trend on 15m
2026-07-26T01:19:34.130Z INFO     optionspilot.engine | SPY: long 12.1% | conservative | no trade
  gate: average setup: confidence 12.1% < required 80% (conservative mode)
  passed: volume (+0.38); momentum (+0.20); liquidity sweep (+1.00)
  failed: trend alignment (+0.00); support/resistance (-0.73); trend strength (ADX) (+0.00)
  - supertrend: 1d=bear, 4h=bear
  + liquidity grab below lows at 748.42 on 15m
  + EMA stack: 2/3 timeframes bullish, 0 bearish
  - price in premium of swing range 716.58–756.68 (position 0.87)
  + price above VWAP on 15m
  + MACD histogram +0.129 and falling on 15m
  + net buying pressure +0.38 on 15m
  + higher-timeframe trend: 1d=down, 4h=up
  + RSI(14) = 51 on 15m
  + ADX 18: no meaningful trend on 15m
2026-07-26T01:19:34.151Z INFO     optionspilot.engine | SPY: short 6.0% | conservative | no trade
  gate: poor setup: confidence 6.0% < required 80% (conservative mode)
  passed: market structure (+1.00)
  failed: trend alignment (-0.00); volume (-0.38); momentum (-0.06); support/resistance (-0.03); trend strength (ADX) (-0.00); liquidity sweep (-1.00)
  + BOS down through 748.42 on 15m (0 bars ago)
  + supertrend: 1d=bear, 4h=bear
  - liquidity grab below lows at 748.42 on 15m
  - EMA stack: 2/3 timeframes bullish, 0 bearish
  + price in premium of swing range 716.58–756.68 (position 0.87)
  - price at unmitigated support (bullish FVG/OB) on 15m
  + price below VWAP on 15m
  - MACD histogram +0.025 and falling on 15m
  - elevated volume (1.4x average) confirming flow on 15m
  + RSI(14) = 41 on 15m
  - net buying pressure +0.20 on 15m
  + higher-timeframe trend: 1d=down, 4h=up
  + ADX 19: no meaningful trend on 15m
2026-07-26T01:19:34.182Z INFO     optionspilot.engine | SPY: short 27.0% | conservative | no trade
  gate: poor setup: confidence 27.0% < required 80% (conservative mode)
  passed: market structure (+1.00); momentum (+0.79); support/resistance (+0.73); trend strength (ADX) (+0.40)
  failed: trend alignment (-0.00); volume (-0.44); liquidity sweep (-1.00)
  + BOS down through 748.42 on 15m (1 bars ago)
  + supertrend: 1d=bear, 4h=bear
  + MACD histogram -0.084 and falling on 15m
  - liquidity grab below lows at 748.42 on 15m
  - EMA stack: 2/3 timeframes bullish, 0 bearish
  + price in premium of swing range 716.58–756.68 (position 0.87)
  + RSI(14) = 36 on 15m
  - elevated volume (2.1x average) confirming flow on 15m
  + price below VWAP on 15m
  + ADX 20 with -DI leading on 15m
  - net buying pressure +0.04 on 15m
  + higher-timeframe trend: 1d=down, 4h=up
2026-07-26T01:19:34.212Z INFO     optionspilot.engine | SPY: short 31.2% | conservative | no trade
  gate: poor setup: confidence 31.2% < required 80% (conservative mode)
  passed: market structure (+1.00); momentum (+0.81); support/resistance (+0.77); trend strength (ADX) (+0.43)
  failed: trend alignment (-0.00); volume (-0.35); liquidity sweep (-1.00)
  + BOS down through 748.42 on 15m (2 bars ago)
  + supertrend: 1d=bear, 4h=bear
  + MACD histogram -0.155 and falling on 15m
  - liquidity grab below lows at 748.42 on 15m
  - EMA stack: 2/3 timeframes bullish, 0 bearish
  + RSI(14) = 36 on 15m
  + price in premium of swing range 716.58–756.68 (position 0.87)
  + price at unmitigated resistance (bearish FVG/OB) on 15m
  + price below VWAP on 15m
  - elevated volume (1.7x average) confirming flow on 15m
  + ADX 22 with -DI leading on 15m
  - net buying pressure +0.02 on 15m
  + higher-timeframe trend: 1d=down, 4h=up
2026-07-26T01:19:34.247Z INFO     optionspilot.engine | SPY: short 39.2% | conservative | no trade
  gate: average setup: confidence 39.2% < required 80% (conservative mode)
  passed: market structure (+1.00); volume (+0.36); momentum (+0.85); support/resistance (+0.73); trend strength (ADX) (+0.45)
  failed: trend alignment (-0.00); liquidity sweep (-1.00)
  + BOS down through 748.42 on 15m (3 bars ago)
  + supertrend: 1d=bear, 4h=bear
  + MACD histogram -0.202 and falling on 15m
  - liquidity grab below lows at 748.42 on 15m
  + RSI(14) = 35 on 15m
  + price in premium of swing range 716.58–756.68 (position 0.87)
  + price below VWAP on 15m
  + elevated volume (1.6x average) confirming flow on 15m
  + ADX 23 with -DI leading on 15m
  - EMA stack: 2/3 timeframes bullish, 1 bearish
  + net selling pressure -0.09 on 15m
  + higher-timeframe trend: 1d=down, 4h=up
2026-07-26T01:19:34.298Z INFO     optionspilot.engine | SPY: short 17.1% | conservative | no trade
  gate: poor setup: confidence 17.1% < required 80% (conservative mode)
  passed: market structure (+1.00); momentum (+0.20); support/resistance (+0.73); trend strength (ADX) (+0.45)
  failed: trend alignment (-0.00); volume (-0.52); liquidity sweep (-1.00)
  + BOS down through 748.42 on 15m (4 bars ago)
  + supertrend: 1d=bear, 4h=bear
  - liquidity grab below lows at 748.42 on 15m
  - EMA stack: 2/3 timeframes bullish, 0 bearish
  - elevated volume (4.5x average) confirming flow on 15m
  + price in premium of swing range 716.58–756.68 (position 0.87)
  + price below VWAP on 15m
  + MACD histogram -0.143 and rising on 15m
  + ADX 23 with -DI leading on 15m
  - net buying pressure +0.04 on 15m
  + higher-timeframe trend: 1d=down, 4h=up
  + RSI(14) = 46 on 15m
2026-07-26T01:19:34.352Z INFO     optionspilot.engine | SPY: short 14.9% | conservative | no trade
  gate: poor setup: confidence 14.9% < required 80% (conservative mode)
  passed: market structure (+1.00); momentum (+1.00); support/resistance (+0.36); trend strength (ADX) (+0.50)
  failed: trend alignment (-0.50); volume (-0.56); liquidity sweep (-1.00)
  + BOS down through 746.00 on 15m (0 bars ago)
  - higher-timeframe trend: 1d=range, 4h=up
  + supertrend: 1d=bear, 4h=bear
  + RSI(14) = 30 on 15m
  + MACD histogram -0.311 and falling on 15m
  - liquidity grab below lows at 748.42 on 15m
  - elevated volume (3.4x average) confirming flow on 15m
  + price at unmitigated resistance (bearish FVG/OB) on 15m
  - price above VWAP on 15m
  + ADX 25 with -DI leading on 15m
  - EMA stack: 2/3 timeframes bullish, 1 bearish
  - net buying pressure +0.13 on 15m
  - price in equilibrium of swing range 740.03–756.68 (position 0.46)
2026-07-26T01:19:34.377Z INFO     optionspilot.engine | SPY: short 13.6% | conservative | no trade
  gate: poor setup: confidence 13.6% < required 80% (conservative mode)
  passed: market structure (+1.00); momentum (+1.00); trend strength (ADX) (+0.53)
  failed: trend alignment (-0.50); volume (-0.35); support/resistance (-0.08); liquidity sweep (-1.00)
  + BOS down through 746.00 on 15m (1 bars ago)
  - higher-timeframe trend: 1d=range, 4h=up
  + supertrend: 1d=bear, 4h=bear
  + RSI(14) = 29 on 15m
  + MACD histogram -0.417 and falling on 15m
  - liquidity grab below lows at 748.42 on 15m
  - price above VWAP on 15m
  + ADX 27 with -DI leading on 15m
  - elevated volume (1.5x average) confirming flow on 15m
  - EMA stack: 2/3 timeframes bullish, 1 bearish
  - net buying pressure +0.09 on 15m
  - price in equilibrium of swing range 740.03–756.68 (position 0.46)
2026-07-26T01:19:34.407Z INFO     optionspilot.engine | SPY: short 28.2% | conservative | no trade
  gate: poor setup: confidence 28.2% < required 80% (conservative mode)
  passed: market structure (+1.00); momentum (+1.00); trend strength (ADX) (+0.57); candlestick confirmation (+0.60)
  failed: trend alignment (-0.50); volume (-0.07); support/resistance (-0.08); liquidity sweep (-1.00)
  + BOS down through 746.00 on 15m (2 bars ago)
  - higher-timeframe trend: 1d=range, 4h=up
  + supertrend: 1d=bear, 4h=bear
  + RSI(14) = 26 on 15m
  + MACD histogram -0.509 and falling on 15m
  - liquidity grab below lows at 748.42 on 15m
  + price below VWAP on 15m
  + candlesticks: evening_star (15m)
  + ADX 28 with -DI leading on 15m
  - EMA stack: 2/3 timeframes bullish, 1 bearish
  - net buying pressure +0.07 on 15m
  - price in equilibrium of swing range 740.03–756.68 (position 0.46)
2026-07-26T01:19:34.434Z INFO     optionspilot.engine | SPY: short 26.6% | conservative | no trade
  gate: poor setup: confidence 26.6% < required 80% (conservative mode)
  passed: market structure (+1.00); momentum (+1.00); trend strength (ADX) (+0.60)
  failed: trend alignment (-0.50); volume (-0.03); support/resistance (-0.08); liquidity sweep (-1.00)
  + BOS down through 746.00 on 15m (3 bars ago)
  - higher-timeframe trend: 1d=range, 4h=up
  + supertrend: 1d=bear, 4h=bear
  + RSI(14) = 26 on 15m
  + MACD histogram -0.542 and falling on 15m
  - liquidity grab below lows at 748.42 on 15m
  + ADX 30 with -DI leading on 15m
  + price below VWAP on 15m
  - EMA stack: 2/3 timeframes bullish, 1 bearish
  - price in equilibrium of swing range 740.03–756.68 (position 0.46)
  - net buying pressure +0.03 on 15m
2026-07-26T01:19:34.457Z INFO     optionspilot.engine | SPY: short 31.2% | conservative | no trade
  gate: poor setup: confidence 31.2% < required 80% (conservative mode)
  passed: market structure (+1.00); momentum (+0.65); trend strength (ADX) (+0.64)
  failed: trend alignment (-0.50); volume (+0.01); support/resistance (-0.08)
  + BOS down through 742.64 on 15m (0 bars ago)
  - higher-timeframe trend: 1d=range, 4h=up
  + supertrend: 1d=bear, 4h=bear
  + MACD histogram -0.571 and falling on 15m
  + ADX 32 with -DI leading on 15m
  + price below VWAP on 15m
  - EMA stack: 2/3 timeframes bullish, 1 bearish
  + RSI(14) = 24 on 15m
  - price in equilibrium of swing range 740.03–756.68 (position 0.46)
  + net selling pressure -0.01 on 15m
2026-07-26T01:19:34.479Z INFO     optionspilot.engine | SPY: short 31.8% | conservative | no trade
  gate: poor setup: confidence 31.8% < required 80% (conservative mode)
  passed: market structure (+1.00); momentum (+0.65); trend strength (ADX) (+0.68)
  failed: trend alignment (-0.50); volume (+0.03); support/resistance (-0.08)
  + BOS down through 742.64 on 15m (1 bars ago)
  - higher-timeframe trend: 1d=range, 4h=up
  + supertrend: 1d=bear, 4h=bear
  + MACD histogram -0.590 and falling on 15m
  + ADX 34 with -DI leading on 15m
  + price below VWAP on 15m
  - EMA stack: 2/3 timeframes bullish, 1 bearish
  + RSI(14) = 22 on 15m
  - price in equilibrium of swing range 740.03–756.68 (position 0.46)
  + net selling pressure -0.03 on 15m
2026-07-26T01:19:34.502Z INFO     optionspilot.engine | SPY: short 32.2% | conservative | no trade
  gate: poor setup: confidence 32.2% < required 80% (conservative mode)
  passed: market structure (+1.00); momentum (+0.65); trend strength (ADX) (+0.72)
  failed: trend alignment (-0.50); volume (+0.05); support/resistance (-0.08)
  + BOS down through 742.64 on 15m (2 bars ago)
  - higher-timeframe trend: 1d=range, 4h=up
  + supertrend: 1d=bear, 4h=bear
  + MACD histogram -0.608 and falling on 15m
  + ADX 36 with -DI leading on 15m
  + price below VWAP on 15m
  - EMA stack: 2/3 timeframes bullish, 1 bearish
  + RSI(14) = 21 on 15m
  - price in equilibrium of swing range 740.03–756.68 (position 0.46)
  + net selling pressure -0.05 on 15m
2026-07-26T01:19:34.533Z INFO     optionspilot.engine | SPY: short 32.7% | conservative | no trade
  gate: poor setup: confidence 32.7% < required 80% (conservative mode)
  passed: market structure (+1.00); momentum (+0.65); trend strength (ADX) (+0.76)
  failed: trend alignment (-0.50); volume (+0.07); support/resistance (-0.08)
  + BOS down through 742.64 on 15m (3 bars ago)
  - higher-timeframe trend: 1d=range, 4h=up
  + supertrend: 1d=bear, 4h=bear
  + MACD histogram -0.652 and falling on 15m
  + ADX 38 with -DI leading on 15m
  + price below VWAP on 15m
  - EMA stack: 2/3 timeframes bullish, 1 bearish
  + RSI(14) = 18 on 15m
  + net selling pressure -0.07 on 15m
  - price in equilibrium of swing range 740.03–756.68 (position 0.46)
2026-07-26T01:19:34.558Z INFO     optionspilot.engine | SPY: short 27.4% | conservative | no trade
  gate: poor setup: confidence 27.4% < required 80% (conservative mode)
  passed: market structure (+1.00); momentum (+0.35); trend strength (ADX) (+0.81)
  failed: trend alignment (-0.50); volume (+0.05); support/resistance (-0.08)
  + BOS down through 742.64 on 15m (4 bars ago)
  - higher-timeframe trend: 1d=range, 4h=up
  + supertrend: 1d=bear, 4h=bear
  + ADX 40 with -DI leading on 15m
  + price below VWAP on 15m
  + MACD histogram -0.583 and rising on 15m
  - EMA stack: 2/3 timeframes bullish, 1 bearish
  + RSI(14) = 25 on 15m
  - price in equilibrium of swing range 740.03–756.68 (position 0.46)
  + net selling pressure -0.05 on 15m
2026-07-26T01:19:34.609Z INFO     optionspilot.engine | SPY: short 30.2% | conservative | no trade
  gate: poor setup: confidence 30.2% < required 80% (conservative mode)
  passed: market structure (+1.00); momentum (+0.35); trend strength (ADX) (+0.85)
  failed: trend alignment (-0.50); volume (-0.00); support/resistance (-0.08)
  + BOS down through 742.64 on 15m (5 bars ago)
  - higher-timeframe trend: 1d=range, 4h=up
  + supertrend: 1d=bear, 4h=bear
  + ADX 42 with -DI leading on 15m
  + price below VWAP on 15m
  + MACD histogram -0.502 and rising on 15m
  + RSI(14) = 25 on 15m
  - price in equilibrium of swing range 740.03–756.68 (position 0.46)
  - net buying pressure +0.00 on 15m
  + EMA stack: 1/3 timeframes bullish, 1 bearish
2026-07-26T01:19:34.640Z INFO     optionspilot.engine | SPY: short 16.8% | conservative | no trade
  gate: poor setup: confidence 16.8% < required 80% (conservative mode)
  passed: market structure (+1.00); momentum (+0.47); trend strength (ADX) (+0.84)
  failed: trend alignment (-0.50); volume (-0.08); support/resistance (-0.44); candlestick confirmation (-0.60)
  + BOS down through 742.64 on 15m (6 bars ago)
  - higher-timeframe trend: 1d=range, 4h=up
  + supertrend: 1d=bear, 4h=bear
  + ADX 42 with -DI leading on 15m
  - price at unmitigated support (bullish FVG/OB) on 15m
  + RSI(14) = 37 on 15m
  + price below VWAP on 15m
  - candlesticks: bullish_marubozu (15m)
  + MACD histogram -0.307 and rising on 15m
  - EMA stack: 1/3 timeframes bullish, 0 bearish
  - net buying pressure +0.08 on 15m
  - price in equilibrium of swing range 740.03–756.68 (position 0.46)
2026-07-26T01:19:34.669Z INFO     optionspilot.engine | SPY: short 16.4% | conservative | no trade
  gate: poor setup: confidence 16.4% < required 80% (conservative mode)
  passed: market structure (+1.00); momentum (+0.29); trend strength (ADX) (+0.82)
  failed: trend alignment (-0.50); volume (-0.08); support/resistance (-0.08)
  + BOS down through 742.64 on 15m (7 bars ago)
  - higher-timeframe trend: 1d=range, 4h=up
  + supertrend: 1d=bear, 4h=bear
  + ADX 41 with -DI leading on 15m
  - price above VWAP on 15m
  + MACD histogram -0.101 and rising on 15m
  - EMA stack: 1/3 timeframes bullish, 0 bearish
  + RSI(14) = 42 on 15m
  - net buying pressure +0.08 on 15m
  - price in equilibrium of swing range 740.03–756.68 (position 0.46)
2026-07-26T01:19:34.691Z INFO     optionspilot.engine | SPY: short 0.9% | conservative | no trade
  gate: poor setup: confidence 0.9% < required 80% (conservative mode)
  passed: market structure (+1.00); trend strength (ADX) (+0.78)
  failed: trend alignment (-0.50); volume (-0.16); momentum (-0.50); support/resistance (-0.08)
  + BOS down through 742.64 on 15m (8 bars ago)
  - higher-timeframe trend: 1d=range, 4h=up
  + supertrend: 1d=bear, 4h=bear
  - MACD histogram +0.102 and rising on 15m
  + ADX 39 with -DI leading on 15m
  - price above VWAP on 15m
  - EMA stack: 1/3 timeframes bullish, 0 bearish
  - net buying pressure +0.16 on 15m
  - price in equilibrium of swing range 740.03–756.68 (position 0.46)
  + RSI(14) = 47 on 15m
2026-07-26T01:19:34.714Z INFO     optionspilot.engine | SPY: short 6.0% | conservative | no trade
  gate: poor setup: confidence 6.0% < required 80% (conservative mode)
  passed: market structure (+1.00); support/resistance (+0.36); trend strength (ADX) (+0.74)
  failed: trend alignment (-0.50); volume (-0.08); momentum (-0.50)
  + BOS down through 742.64 on 15m (9 bars ago)
  - higher-timeframe trend: 1d=range, 4h=up
  + supertrend: 1d=bear, 4h=bear
  - MACD histogram +0.287 and rising on 15m
  + ADX 37 with -DI leading on 15m
  + price at unmitigated resistance (bearish FVG/OB) on 15m
  - price above VWAP on 15m
  - EMA stack: 1/3 timeframes bullish, 0 bearish
  - net buying pressure +0.08 on 15m
  - price in equilibrium of swing range 740.03–756.68 (position 0.46)
  + RSI(14) = 51 on 15m
2026-07-26T01:19:34.737Z INFO     optionspilot.engine | SPY: short 6.9% | conservative | no trade
  gate: poor setup: confidence 6.9% < required 80% (conservative mode)
  passed: market structure (+1.00); support/resistance (+0.36); trend strength (ADX) (+0.70)
  failed: trend alignment (-0.50); volume (+0.05); momentum (-0.50)
  + BOS down through 742.64 on 15m (10 bars ago)
  - higher-timeframe trend: 1d=range, 4h=up
  + supertrend: 1d=bear, 4h=bear
  - MACD histogram +0.376 and rising on 15m
  + price at unmitigated resistance (bearish FVG/OB) on 15m
  + ADX 35 with -DI leading on 15m
  - price above VWAP on 15m
  - EMA stack: 1/3 timeframes bullish, 0 bearish
  - price in equilibrium of swing range 740.03–756.68 (position 0.46)
  + net selling pressure -0.05 on 15m
  + RSI(14) = 49 on 15m
2026-07-26T01:19:34.769Z INFO     optionspilot.engine | SPY: long 12.1% | conservative | no trade
  gate: average setup: confidence 12.1% < required 80% (conservative mode)
  passed: trend alignment (+0.50); momentum (+0.52); trend strength (ADX) (+0.65); candlestick confirmation (+0.60)
  failed: market structure (-1.00); volume (-0.01); support/resistance (+0.08)
  - BOS down through 742.64 on 15m (11 bars ago)
  + higher-timeframe trend: 1d=range, 4h=up
  - supertrend: 1d=bear, 4h=bear
  + MACD histogram +0.518 and rising on 15m
  + ADX 33 with +DI leading on 15m
  + price above VWAP on 15m
  + candlesticks: bullish_marubozu (15m)
  + EMA stack: 1/3 timeframes bullish, 0 bearish
  + price in equilibrium of swing range 740.03–756.68 (position 0.46)
  + RSI(14) = 56 on 15m
  - net selling pressure -0.01 on 15m
2026-07-26T01:19:34.793Z INFO     optionspilot.engine | SPY: long 8.3% | conservative | no trade
  gate: average setup: confidence 8.3% < required 80% (conservative mode)
  passed: trend alignment (+0.50); momentum (+0.50); trend strength (ADX) (+0.62)
  failed: market structure (-1.00); volume (+0.04); support/resistance (+0.08)
  - BOS down through 742.64 on 15m (12 bars ago)
  + higher-timeframe trend: 1d=range, 4h=up
  - supertrend: 1d=bear, 4h=bear
  + MACD histogram +0.542 and rising on 15m
  + ADX 31 with +DI leading on 15m
  + price above VWAP on 15m
  + EMA stack: 1/3 timeframes bullish, 0 bearish
  + price in equilibrium of swing range 740.03–756.68 (position 0.46)
  + net buying pressure +0.04 on 15m
  + RSI(14) = 52 on 15m
2026-07-26T01:19:34.842Z INFO     optionspilot.engine | SPY: long 9.6% | conservative | no trade
  gate: average setup: confidence 9.6% < required 80% (conservative mode)
  passed: trend alignment (+0.50); momentum (+0.20)
  failed: volume (+0.08); support/resistance (+0.08); trend strength (ADX) (-0.58)
  + higher-timeframe trend: 1d=range, 4h=up
  - supertrend: 1d=bear, 4h=bear
  + price above VWAP on 15m
  - ADX 29 with -DI leading on 15m
  + MACD histogram +0.505 and falling on 15m
  + EMA stack: 1/3 timeframes bullish, 0 bearish
  + net buying pressure +0.08 on 15m
  + price in equilibrium of swing range 740.03–756.68 (position 0.46)
  + RSI(14) = 49 on 15m
2026-07-26T01:19:34.879Z INFO     optionspilot.engine | SPY: long 29.1% | conservative | no trade
  gate: good setup: confidence 29.1% < required 80% (conservative mode)
  passed: trend alignment (+0.50); volume (+0.18); momentum (+0.50); trend strength (ADX) (+0.54); candlestick confirmation (+0.60)
  failed: support/resistance (+0.08)
  + higher-timeframe trend: 1d=range, 4h=up
  - supertrend: 1d=bear, 4h=bear
  + MACD histogram +0.521 and rising on 15m
  + price above VWAP on 15m
  + candlesticks: bullish_engulfing (15m)
  + ADX 27 with +DI leading on 15m
  + EMA stack: 1/3 timeframes bullish, 0 bearish
  + net buying pressure +0.18 on 15m
  + price in equilibrium of swing range 740.03–756.68 (position 0.46)
  + RSI(14) = 53 on 15m
2026-07-26T01:19:34.903Z INFO     optionspilot.engine | SPY: long 19.5% | conservative | no trade
  gate: average setup: confidence 19.5% < required 80% (conservative mode)
  passed: trend alignment (+0.50); momentum (+0.20); trend strength (ADX) (+0.51)
  failed: volume (+0.15); support/resistance (+0.08)
  + higher-timeframe trend: 1d=range, 4h=up
  - supertrend: 1d=bear, 4h=bear
  + price above VWAP on 15m
  + ADX 25 with +DI leading on 15m
  + MACD histogram +0.474 and falling on 15m
  + EMA stack: 1/3 timeframes bullish, 0 bearish
  + net buying pressure +0.15 on 15m
  + price in equilibrium of swing range 740.03–756.68 (position 0.46)
  + RSI(14) = 50 on 15m
2026-07-26T01:19:34.935Z INFO     optionspilot.engine | SPY: long 11.8% | conservative | no trade
  gate: average setup: confidence 11.8% < required 80% (conservative mode)
  passed: trend alignment (+0.50); volume (+0.22); momentum (+0.20)
  failed: support/resistance (+0.08); trend strength (ADX) (-0.47)
  + higher-timeframe trend: 1d=range, 4h=up
  - supertrend: 1d=bear, 4h=bear
  + price above VWAP on 15m
  + MACD histogram +0.451 and falling on 15m
  - ADX 24 with -DI leading on 15m
  + EMA stack: 1/3 timeframes bullish, 0 bearish
  + net buying pressure +0.22 on 15m
  + price in equilibrium of swing range 740.03–756.68 (position 0.46)
  + RSI(14) = 52 on 15m
2026-07-26T01:19:34.961Z INFO     optionspilot.engine | SPY: long 21.0% | conservative | no trade
  gate: good setup: confidence 21.0% < required 80% (conservative mode)
  passed: trend alignment (+0.50); volume (+0.35); momentum (+0.20); trend strength (ADX) (+0.44)
  failed: support/resistance (+0.08)
  + higher-timeframe trend: 1d=range, 4h=up
  - supertrend: 1d=bear, 4h=bear
  + price above VWAP on 15m
  + MACD histogram +0.438 and falling on 15m
  + ADX 22 with +DI leading on 15m
  + net buying pressure +0.35 on 15m
  + EMA stack: 1/3 timeframes bullish, 0 bearish
  + price in equilibrium of swing range 740.03–756.68 (position 0.46)
  + RSI(14) = 53 on 15m
2026-07-26T01:19:34.994Z INFO     optionspilot.engine | SPY: long 13.6% | conservative | no trade
  gate: average setup: confidence 13.6% < required 80% (conservative mode)
  passed: trend alignment (+0.50); volume (+0.26); momentum (+0.20); trend strength (ADX) (+0.42)
  failed: support/resistance (+0.08); candlestick confirmation (-0.60)
  + higher-timeframe trend: 1d=range, 4h=up
  - supertrend: 1d=bear, 4h=bear
  + price above VWAP on 15m
  - candlesticks: bearish_engulfing (15m)
  + MACD histogram +0.384 and falling on 15m
  + ADX 21 with +DI leading on 15m
  + EMA stack: 1/3 timeframes bullish, 0 bearish
  + net buying pressure +0.26 on 15m
  + price in equilibrium of swing range 740.03–756.68 (position 0.46)
  + RSI(14) = 51 on 15m
2026-07-26T01:19:35.028Z INFO     optionspilot.engine | SPY: long 16.5% | conservative | no trade
  gate: good setup: confidence 16.5% < required 80% (conservative mode)
  passed: trend alignment (+0.50); volume (+0.28); momentum (+0.20)
  failed: support/resistance (+0.08); trend strength (ADX) (+0.00)
  + higher-timeframe trend: 1d=range, 4h=up
  - supertrend: 1d=bear, 4h=bear
  + price above VWAP on 15m
  + MACD histogram +0.354 and falling on 15m
  + EMA stack: 1/3 timeframes bullish, 0 bearish
  + net buying pressure +0.28 on 15m
  + price in equilibrium of swing range 740.03–756.68 (position 0.46)
  + RSI(14) = 52 on 15m
  + ADX 20: no meaningful trend on 15m
2026-07-26T01:19:35.058Z INFO     optionspilot.engine | SPY: long 19.8% | conservative | no trade
  gate: good setup: confidence 19.8% < required 80% (conservative mode)
  passed: trend alignment (+0.50); volume (+0.27); momentum (+0.20); candlestick confirmation (+0.60)
  failed: support/resistance (+0.08); trend strength (ADX) (+0.00)
  + higher-timeframe trend: 1d=range, 4h=up
  - supertrend: 1d=bear, 4h=bear
  + price above VWAP on 15m
  + candlesticks: hammer (15m)
  + MACD histogram +0.330 and falling on 15m
  + EMA stack: 1/3 timeframes bullish, 0 bearish
  + net buying pressure +0.27 on 15m
  + price in equilibrium of swing range 740.03–756.68 (position 0.46)
  + RSI(14) = 53 on 15m
  + ADX 18: no meaningful trend on 15m
2026-07-26T01:19:35.113Z INFO     optionspilot.engine | SPY: long 10.6% | conservative | no trade
  gate: average setup: confidence 10.6% < required 80% (conservative mode)
  passed: trend alignment (+0.50); volume (+0.59); momentum (+0.20)
  failed: support/resistance (+0.08); trend strength (ADX) (+0.00); liquidity sweep (-1.00)
  + higher-timeframe trend: 1d=range, 4h=up
  - supertrend: 1d=bear, 4h=bear
  - liquidity grab above highs at 745.72 on 15m
  + elevated volume (4.5x average) confirming flow on 15m
  + price above VWAP on 15m
  + MACD histogram +0.298 and falling on 15m
  + EMA stack: 1/3 timeframes bullish, 0 bearish
  + net buying pressure +0.18 on 15m
  + price in equilibrium of swing range 740.03–756.68 (position 0.46)
  + RSI(14) = 53 on 15m
  + ADX 18: no meaningful trend on 15m
2026-07-26T01:19:35.170Z INFO     optionspilot.engine | SPY: long 20.5% | conservative | no trade
  gate: poor setup: confidence 20.5% < required 80% (conservative mode)
  passed: trend alignment (+0.50); market structure (+0.70); volume (+0.64); momentum (+0.90)
  failed: support/resistance (+0.13); trend strength (ADX) (+0.00); no opposing divergence (-1.00); liquidity sweep (-1.00)
  + CHOCH up through 745.72 on 15m (0 bars ago)
  + higher-timeframe trend: 1d=range, 4h=up
  - supertrend: 1d=bear, 4h=bear
  + MACD histogram +0.463 and rising on 15m
  - bearish price/OBV divergence on 15m
  - liquidity grab above highs at 745.72 on 15m
  + RSI(14) = 67 on 15m
  + elevated volume (3.0x average) confirming flow on 15m
  + price above VWAP on 15m
  + EMA stack: 1/3 timeframes bullish, 0 bearish
  + net buying pressure +0.29 on 15m
  + price in discount of swing range 740.03–752.41 (position 0.43)
  + ADX 20: no meaningful trend on 15m
2026-07-26T01:19:35.193Z INFO     optionspilot.engine | SPY: long 21.9% | conservative | no trade
  gate: poor setup: confidence 21.9% < required 80% (conservative mode)
  passed: trend alignment (+0.50); market structure (+0.70); volume (+0.48); momentum (+0.93); trend strength (ADX) (+0.43)
  failed: support/resistance (+0.13); no opposing divergence (-1.00); liquidity sweep (-1.00)
  + CHOCH up through 745.72 on 15m (1 bars ago)
  + higher-timeframe trend: 1d=range, 4h=up
  - supertrend: 1d=bear, 4h=bear
  + MACD histogram +0.561 and rising on 15m
  - bearish price/OBV divergence on 15m
  - liquidity grab above highs at 745.72 on 15m
  + RSI(14) = 68 on 15m
  + price above VWAP on 15m
  + elevated volume (1.8x average) confirming flow on 15m
  + ADX 21 with +DI leading on 15m
  + EMA stack: 1/3 timeframes bullish, 0 bearish
  + net buying pressure +0.25 on 15m
  + price in discount of swing range 740.03–752.41 (position 0.43)
2026-07-26T01:19:35.227Z INFO     optionspilot.engine | SPY: short 0.2% | conservative | no trade
  gate: poor setup: confidence 0.2% < required 80% (conservative mode)
  passed: no opposing divergence (+1.00); liquidity sweep (+1.00); candlestick confirmation (+0.60)
  failed: trend alignment (-0.50); market structure (-0.70); volume (-0.22); momentum (-0.38); support/resistance (-0.13); trend strength (ADX) (-0.45)
  - CHOCH up through 745.72 on 15m (2 bars ago)
  - higher-timeframe trend: 1d=range, 4h=up
  + supertrend: 1d=bear, 4h=bear
  + bearish price/OBV divergence on 15m
  + liquidity grab above highs at 745.72 on 15m
  + price below VWAP on 15m
  + candlesticks: bearish_engulfing (15m)
  - MACD histogram +0.521 and falling on 15m
  - RSI(14) = 61 on 15m
  - ADX 22 with +DI leading on 15m
  - EMA stack: 1/3 timeframes bullish, 0 bearish
  - net buying pressure +0.22 on 15m
  - price in discount of swing range 740.03–752.41 (position 0.43)
2026-07-26T01:19:35.251Z INFO     optionspilot.engine | SPY: long 17.7% | conservative | no trade
  gate: poor setup: confidence 17.7% < required 80% (conservative mode)
  passed: trend alignment (+0.50); market structure (+0.70); volume (+0.55); momentum (+0.43); trend strength (ADX) (+0.43); candlestick confirmation (+0.60)
  failed: support/resistance (+0.13); no opposing divergence (-1.00); liquidity sweep (-1.00)
  + CHOCH up through 745.72 on 15m (3 bars ago)
  + higher-timeframe trend: 1d=range, 4h=up
  - supertrend: 1d=bear, 4h=bear
  - bearish price/OBV divergence on 15m
  - liquidity grab above highs at 745.72 on 15m
  + elevated volume (2.1x average) confirming flow on 15m
  + price above VWAP on 15m
  + candlesticks: hammer (15m)
  + RSI(14) = 62 on 15m
  + MACD histogram +0.489 and falling on 15m
  + ADX 22 with +DI leading on 15m
  + EMA stack: 1/3 timeframes bullish, 0 bearish
  + net buying pressure +0.26 on 15m
  + price in discount of swing range 740.03–752.41 (position 0.43)
2026-07-26T01:19:35.298Z INFO     optionspilot.engine | SPY: long 14.8% | conservative | no trade
  gate: poor setup: confidence 14.8% < required 80% (conservative mode)
  passed: trend alignment (+0.50); market structure (+0.70); volume (+0.30); momentum (+0.43); trend strength (ADX) (+0.42)
  failed: support/resistance (+0.13); no opposing divergence (-1.00); liquidity sweep (-1.00)
  + CHOCH up through 745.72 on 15m (4 bars ago)
  + higher-timeframe trend: 1d=range, 4h=up
  - supertrend: 1d=bear, 4h=bear
  - bearish price/OBV divergence on 15m
  - liquidity grab above highs at 745.72 on 15m
  + EMA stack: 2/3 timeframes bullish, 0 bearish
  + price above VWAP on 15m
  + RSI(14) = 62 on 15m
  + MACD histogram +0.442 and falling on 15m
  + ADX 21 with +DI leading on 15m
  + net buying pressure +0.30 on 15m
  + price in discount of swing range 740.03–752.41 (position 0.43)
2026-07-26T01:19:35.320Z INFO     optionspilot.engine | SPY: long 26.7% | conservative | no trade
  gate: average setup: confidence 26.7% < required 80% (conservative mode)
  passed: trend alignment (+0.50); market structure (+0.70); volume (+0.33); momentum (+0.54); trend strength (ADX) (+0.42)
  failed: support/resistance (+0.13); liquidity sweep (-1.00)
  + CHOCH up through 745.72 on 15m (5 bars ago)
  + higher-timeframe trend: 1d=range, 4h=up
  - supertrend: 1d=bear, 4h=bear
  - liquidity grab above highs at 745.72 on 15m
  + RSI(14) = 65 on 15m
  + EMA stack: 2/3 timeframes bullish, 0 bearish
  + price above VWAP on 15m
  + MACD histogram +0.439 and falling on 15m
  + ADX 21 with +DI leading on 15m
  + net buying pressure +0.33 on 15m
  + price in discount of swing range 740.03–752.41 (position 0.43)
2026-07-26T01:19:35.344Z INFO     optionspilot.engine | SPY: long 32.6% | conservative | no trade
  gate: average setup: confidence 32.6% < required 80% (conservative mode)
  passed: trend alignment (+0.50); market structure (+0.70); volume (+0.31); momentum (+0.90); trend strength (ADX) (+0.42)
  failed: support/resistance (+0.13); liquidity sweep (-1.00)
  + CHOCH up through 745.72 on 15m (6 bars ago)
  + higher-timeframe trend: 1d=range, 4h=up
  - supertrend: 1d=bear, 4h=bear
  + MACD histogram +0.441 and rising on 15m
  - liquidity grab above highs at 749.23 on 15m
  + RSI(14) = 67 on 15m
  + EMA stack: 2/3 timeframes bullish, 0 bearish
  + price above VWAP on 15m
  + ADX 21 with +DI leading on 15m
  + net buying pressure +0.31 on 15m
  + price in discount of swing range 740.03–752.41 (position 0.43)
2026-07-26T01:19:35.367Z INFO     optionspilot.engine | SPY: long 31.6% | conservative | no trade
  gate: poor setup: confidence 31.6% < required 80% (conservative mode)
  passed: trend alignment (+0.50); market structure (+1.00); volume (+0.36); momentum (+0.97); trend strength (ADX) (+0.43)
  failed: support/resistance (-0.33); liquidity sweep (-1.00)
  + BOS up through 749.23 on 15m (0 bars ago)
  + higher-timeframe trend: 1d=range, 4h=up
  - supertrend: 1d=bear, 4h=bear
  + MACD histogram +0.452 and rising on 15m
  + RSI(14) = 69 on 15m
  - liquidity grab above highs at 749.23 on 15m
  + EMA stack: 2/3 timeframes bullish, 0 bearish
  - price at unmitigated resistance (bearish FVG/OB) on 15m
  + price above VWAP on 15m
  + net buying pressure +0.36 on 15m
  + ADX 22 with +DI leading on 15m
  + price in discount of swing range 740.03–752.41 (position 0.43)
2026-07-26T01:19:35.399Z INFO     optionspilot.engine | SPY: long 33.7% | conservative | no trade
  gate: average setup: confidence 33.7% < required 80% (conservative mode)
  passed: trend alignment (+0.50); market structure (+1.00); volume (+0.37); momentum (+0.70); trend strength (ADX) (+0.44)
  failed: support/resistance (+0.13); liquidity sweep (-1.00)
  + BOS up through 749.23 on 15m (1 bars ago)
  + higher-timeframe trend: 1d=range, 4h=up
  - supertrend: 1d=bear, 4h=bear
  + RSI(14) = 70 on 15m
  - liquidity grab above highs at 749.23 on 15m
  + EMA stack: 2/3 timeframes bullish, 0 bearish
  + price above VWAP on 15m
  + MACD histogram +0.449 and falling on 15m
  + net buying pressure +0.37 on 15m
  + ADX 22 with +DI leading on 15m
  + price in discount of swing range 740.03–752.41 (position 0.43)
2026-07-26T01:19:35.457Z INFO     optionspilot.engine | SPY: long 26.9% | conservative | no trade
  gate: average setup: confidence 26.9% < required 80% (conservative mode)
  passed: market structure (+1.00); volume (+0.33); momentum (+0.64); trend strength (ADX) (+0.46)
  failed: trend alignment (+0.00); support/resistance (+0.13); liquidity sweep (-1.00)
  + BOS up through 749.23 on 15m (2 bars ago)
  - supertrend: 1d=bear, 4h=bear
  + EMA stack: 3/3 timeframes bullish, 0 bearish
  - liquidity grab above highs at 749.23 on 15m
  + RSI(14) = 68 on 15m
  + price above VWAP on 15m
  + MACD histogram +0.400 and falling on 15m
  + ADX 23 with +DI leading on 15m
  + net buying pressure +0.33 on 15m
  + price in discount of swing range 740.03–752.41 (position 0.43)
  + higher-timeframe trend: 1d=range, 4h=range
2026-07-26T01:19:35.482Z INFO     optionspilot.engine | SPY: long 24.7% | conservative | no trade
  gate: poor setup: confidence 24.7% < required 80% (conservative mode)
  passed: market structure (+1.00); volume (+0.40); momentum (+0.70); trend strength (ADX) (+0.47); candlestick confirmation (+0.60)
  failed: trend alignment (+0.00); support/resistance (-0.33); liquidity sweep (-1.00)
  + BOS up through 749.23 on 15m (3 bars ago)
  - supertrend: 1d=bear, 4h=bear
  + EMA stack: 3/3 timeframes bullish, 0 bearish
  + RSI(14) = 71 on 15m
  - liquidity grab above highs at 749.23 on 15m
  - price at unmitigated resistance (bearish FVG/OB) on 15m
  + price above VWAP on 15m
  + candlesticks: bullish_marubozu (15m)
  + MACD histogram +0.383 and falling on 15m
  + net buying pressure +0.40 on 15m
  + ADX 24 with +DI leading on 15m
  + price in discount of swing range 740.03–752.41 (position 0.43)
  + higher-timeframe trend: 1d=range, 4h=range
2026-07-26T01:19:35.505Z INFO     optionspilot.engine | SPY: long 24.0% | conservative | no trade
  gate: poor setup: confidence 24.0% < required 80% (conservative mode)
  passed: market structure (+1.00); volume (+0.48); momentum (+0.70); trend strength (ADX) (+0.49)
  failed: trend alignment (+0.00); support/resistance (-0.33); liquidity sweep (-1.00)
  + BOS up through 749.23 on 15m (4 bars ago)
  - supertrend: 1d=bear, 4h=bear
  + EMA stack: 3/3 timeframes bullish, 0 bearish
  + RSI(14) = 71 on 15m
  - liquidity grab above highs at 749.23 on 15m
  - price at unmitigated resistance (bearish FVG/OB) on 15m
  + price above VWAP on 15m
  + MACD histogram +0.350 and falling on 15m
  + ADX 24 with +DI leading on 15m
  + net buying pressure +0.38 on 15m
  + elevated volume (1.5x average) confirming flow on 15m
  + price in discount of swing range 740.03–752.41 (position 0.43)
  + higher-timeframe trend: 1d=range, 4h=range
2026-07-26T01:19:35.528Z INFO     optionspilot.engine | SPY: long 22.3% | conservative | no trade
  gate: poor setup: confidence 22.3% < required 80% (conservative mode)
  passed: market structure (+1.00); volume (+0.36); momentum (+0.70); trend strength (ADX) (+0.51)
  failed: trend alignment (+0.00); support/resistance (-0.33); liquidity sweep (-1.00)
  + BOS up through 749.23 on 15m (5 bars ago)
  - supertrend: 1d=bear, 4h=bear
  + EMA stack: 3/3 timeframes bullish, 0 bearish
  + RSI(14) = 71 on 15m
  - liquidity grab above highs at 749.23 on 15m
  - price at unmitigated resistance (bearish FVG/OB) on 15m
  + price above VWAP on 15m
  + ADX 25 with +DI leading on 15m
  + MACD histogram +0.305 and falling on 15m
  + net buying pressure +0.36 on 15m
  + price in discount of swing range 740.03–752.41 (position 0.43)
  + higher-timeframe trend: 1d=range, 4h=range
2026-07-26T01:19:35.552Z INFO     optionspilot.engine | SPY: long 17.2% | conservative | no trade
  gate: poor setup: confidence 17.2% < required 80% (conservative mode)
  passed: market structure (+1.00); volume (+0.41); momentum (+0.66); trend strength (ADX) (+0.52)
  failed: trend alignment (+0.00); support/resistance (-0.33); liquidity sweep (-1.00); candlestick confirmation (-0.60)
  + BOS up through 749.23 on 15m (6 bars ago)
  - supertrend: 1d=bear, 4h=bear
  + EMA stack: 3/3 timeframes bullish, 0 bearish
  + RSI(14) = 69 on 15m
  - liquidity grab above highs at 749.23 on 15m
  - price at unmitigated resistance (bearish FVG/OB) on 15m
  + price above VWAP on 15m
  - candlesticks: bearish_engulfing (15m)
  + ADX 26 with +DI leading on 15m
  + net buying pressure +0.41 on 15m
  + MACD histogram +0.234 and falling on 15m
  + price in discount of swing range 740.03–752.41 (position 0.43)
  + higher-timeframe trend: 1d=range, 4h=range
2026-07-26T01:19:35.578Z INFO     optionspilot.engine | SPY: long 22.1% | conservative | no trade
  gate: poor setup: confidence 22.1% < required 80% (conservative mode)
  passed: market structure (+1.00); volume (+0.31); momentum (+0.70); trend strength (ADX) (+0.54)
  failed: trend alignment (+0.00); support/resistance (-0.33); liquidity sweep (-1.00)
  + BOS up through 749.23 on 15m (7 bars ago)
  - supertrend: 1d=bear, 4h=bear
  + EMA stack: 3/3 timeframes bullish, 0 bearish
  + RSI(14) = 72 on 15m
  - liquidity grab above highs at 749.23 on 15m
  - price at unmitigated resistance (bearish FVG/OB) on 15m
  + price above VWAP on 15m
  + ADX 27 with +DI leading on 15m
  + MACD histogram +0.216 and falling on 15m
  + net buying pressure +0.31 on 15m
  + price in discount of swing range 740.03–752.41 (position 0.43)
  + higher-timeframe trend: 1d=range, 4h=range
2026-07-26T01:19:35.601Z INFO     optionspilot.engine | SPY: long 30.6% | conservative | no trade
  gate: average setup: confidence 30.6% < required 80% (conservative mode)
  passed: market structure (+1.00); volume (+0.34); momentum (+0.70); trend strength (ADX) (+0.56); candlestick confirmation (+0.60)
  failed: trend alignment (+0.00); support/resistance (+0.13); liquidity sweep (-1.00)
  + BOS up through 749.23 on 15m (8 bars ago)
  - supertrend: 1d=bear, 4h=bear
  + EMA stack: 3/3 timeframes bullish, 0 bearish
  + RSI(14) = 74 on 15m
  - liquidity grab above highs at 749.23 on 15m
  + price above VWAP on 15m
  + candlesticks: bullish_marubozu (15m)
  + ADX 28 with +DI leading on 15m
  + MACD histogram +0.216 and falling on 15m
  + net buying pressure +0.34 on 15m
  + price in discount of swing range 740.03–752.41 (position 0.43)
  + higher-timeframe trend: 1d=range, 4h=range
2026-07-26T01:19:35.625Z INFO     optionspilot.engine | SPY: long 42.6% | conservative | no trade
  gate: average setup: confidence 42.6% < required 80% (conservative mode)
  passed: market structure (+1.00); volume (+0.42); momentum (+0.70); support/resistance (+0.47); trend strength (ADX) (+0.59)
  failed: trend alignment (+0.00)
  + BOS up through 749.23 on 15m (9 bars ago)
  - supertrend: 1d=bear, 4h=bear
  + EMA stack: 3/3 timeframes bullish, 0 bearish
  + RSI(14) = 74 on 15m
  + price at unmitigated support (bullish FVG/OB) on 15m
  + price above VWAP on 15m
  + ADX 29 with +DI leading on 15m
  + net buying pressure +0.42 on 15m
  + MACD histogram +0.189 and falling on 15m
  + price in discount of swing range 740.03–752.41 (position 0.43)
  + higher-timeframe trend: 1d=range, 4h=range
2026-07-26T01:19:35.649Z INFO     optionspilot.engine | SPY: long 39.3% | conservative | no trade
  gate: average setup: confidence 39.3% < required 80% (conservative mode)
  passed: market structure (+1.00); volume (+0.32); momentum (+0.70); trend strength (ADX) (+0.60)
  failed: trend alignment (+0.00); support/resistance (+0.13)
  + BOS up through 749.23 on 15m (10 bars ago)
  - supertrend: 1d=bear, 4h=bear
  + EMA stack: 3/3 timeframes bullish, 0 bearish
  + RSI(14) = 73 on 15m
  + ADX 30 with +DI leading on 15m
  + price above VWAP on 15m
  + MACD histogram +0.145 and falling on 15m
  + net buying pressure +0.32 on 15m
  + price in discount of swing range 740.03–752.41 (position 0.43)
  + higher-timeframe trend: 1d=range, 4h=range
2026-07-26T01:19:35.673Z INFO     optionspilot.engine | SPY: long 41.0% | conservative | no trade
  gate: average setup: confidence 41.0% < required 80% (conservative mode)
  passed: market structure (+1.00); volume (+0.34); momentum (+0.70); trend strength (ADX) (+0.61); candlestick confirmation (+0.60)
  failed: trend alignment (+0.00); support/resistance (+0.13)
  + BOS up through 749.23 on 15m (11 bars ago)
  - supertrend: 1d=bear, 4h=bear
  + EMA stack: 3/3 timeframes bullish, 0 bearish
  + RSI(14) = 73 on 15m
  + ADX 31 with +DI leading on 15m
  + price above VWAP on 15m
  + candlesticks: bullish_engulfing (15m)
  + MACD histogram +0.104 and falling on 15m
  + net buying pressure +0.34 on 15m
  + price in discount of swing range 740.03–752.41 (position 0.43)
  + higher-timeframe trend: 1d=range, 4h=range
2026-07-26T01:19:35.696Z INFO     optionspilot.engine | SPY: long 32.0% | conservative | no trade
  gate: average setup: confidence 32.0% < required 80% (conservative mode)
  passed: market structure (+1.00); volume (+0.26); momentum (+0.69); trend strength (ADX) (+0.62)
  failed: trend alignment (+0.00); support/resistance (+0.13); candlestick confirmation (-0.60)
  + BOS up through 749.23 on 15m (12 bars ago)
  - supertrend: 1d=bear, 4h=bear
  + EMA stack: 3/3 timeframes bullish, 0 bearish
  + RSI(14) = 70 on 15m
  + ADX 31 with +DI leading on 15m
  + price above VWAP on 15m
  - candlesticks: bearish_engulfing (15m)
  + MACD histogram +0.042 and falling on 15m
  + net buying pressure +0.26 on 15m
  + price in discount of swing range 740.03–752.41 (position 0.43)
  + higher-timeframe trend: 1d=range, 4h=range
2026-07-26T01:19:35.726Z INFO     optionspilot.engine | SPY: long 20.1% | conservative | no trade
  gate: poor setup: confidence 20.1% < required 80% (conservative mode)
  passed: volume (+0.24); trend strength (ADX) (+0.62); liquidity sweep (+1.00)
  failed: trend alignment (+0.00); momentum (-0.07); support/resistance (+0.13)
  - supertrend: 1d=bear, 4h=bear
  + EMA stack: 3/3 timeframes bullish, 0 bearish
  - MACD histogram -0.022 and falling on 15m
  + liquidity grab below lows at 751.18 on 15m
  + RSI(14) = 68 on 15m
  + ADX 31 with +DI leading on 15m
  + price above VWAP on 15m
  + net buying pressure +0.24 on 15m
  + price in discount of swing range 740.03–752.41 (position 0.43)
  + higher-timeframe trend: 1d=range, 4h=range
2026-07-26T01:19:35.752Z INFO     optionspilot.engine | SPY: long 3.5% | conservative | no trade
  gate: poor setup: confidence 3.5% < required 80% (conservative mode)
  passed: volume (+0.17); trend strength (ADX) (+0.61); liquidity sweep (+1.00)
  failed: trend alignment (+0.00); market structure (-0.70); momentum (-0.17); support/resistance (+0.13)
  - CHOCH down through 751.18 on 15m (0 bars ago)
  - supertrend: 1d=bear, 4h=bear
  - MACD histogram -0.090 and falling on 15m
  + liquidity grab below lows at 751.18 on 15m
  + EMA stack: 2/3 timeframes bullish, 0 bearish
  + RSI(14) = 65 on 15m
  + ADX 30 with +DI leading on 15m
  + price above VWAP on 15m
  + net buying pressure +0.17 on 15m
  + price in discount of swing range 740.03–752.41 (position 0.43)
  + higher-timeframe trend: 1d=range, 4h=range
2026-07-26T01:19:35.789Z INFO     optionspilot.engine | SPY: long 2.1% | conservative | no trade
  gate: poor setup: confidence 2.1% < required 80% (conservative mode)
  passed: trend strength (ADX) (+0.59); liquidity sweep (+1.00)
  failed: trend alignment (+0.00); market structure (-0.70); volume (+0.14); momentum (-0.23); support/resistance (+0.13)
  - CHOCH down through 751.18 on 15m (1 bars ago)
  - supertrend: 1d=bear, 4h=bear
  - MACD histogram -0.151 and falling on 15m
  + liquidity grab below lows at 751.18 on 15m
  + EMA stack: 2/3 timeframes bullish, 0 bearish
  + RSI(14) = 63 on 15m
  + price above VWAP on 15m
  + ADX 29 with +DI leading on 15m
  + net buying pressure +0.14 on 15m
  + price in discount of swing range 740.03–752.41 (position 0.43)
  + higher-timeframe trend: 1d=range, 4h=range
2026-07-26T01:19:35.819Z INFO     optionspilot.engine | SPY: long 9.2% | conservative | no trade
  gate: poor setup: confidence 9.2% < required 80% (conservative mode)
  passed: volume (+0.15); trend strength (ADX) (+0.58); liquidity sweep (+1.00); candlestick confirmation (+0.60)
  failed: trend alignment (+0.00); market structure (-0.70); momentum (-0.18); support/resistance (+0.13)
  - CHOCH down through 751.18 on 15m (2 bars ago)
  - supertrend: 1d=bear, 4h=bear
  + EMA stack: 3/3 timeframes bullish, 0 bearish
  - MACD histogram -0.181 and falling on 15m
  + liquidity grab below lows at 751.18 on 15m
  + RSI(14) = 64 on 15m
  + price above VWAP on 15m
  + candlesticks: bullish_engulfing (15m)
  + ADX 29 with +DI leading on 15m
  + net buying pressure +0.15 on 15m
  + price in discount of swing range 740.03–752.41 (position 0.43)
  + higher-timeframe trend: 1d=range, 4h=range
2026-07-26T01:19:35.864Z INFO     optionspilot.engine | SPY: long 9.3% | conservative | no trade
  gate: poor setup: confidence 9.3% < required 80% (conservative mode)
  passed: volume (+0.35); trend strength (ADX) (+0.58); liquidity sweep (+1.00)
  failed: trend alignment (+0.00); market structure (-0.70); momentum (-0.11); support/resistance (+0.13)
  - CHOCH down through 751.18 on 15m (3 bars ago)
  - supertrend: 1d=bear, 4h=bear
  + EMA stack: 3/3 timeframes bullish, 0 bearish
  - MACD histogram -0.182 and falling on 15m
  + liquidity grab below lows at 751.18 on 15m
  + RSI(14) = 67 on 15m
  + price above VWAP on 15m
  + ADX 29 with +DI leading on 15m
  + elevated volume (1.3x average) confirming flow on 15m
  + net buying pressure +0.17 on 15m
  + price in discount of swing range 740.03–752.41 (position 0.43)
  + higher-timeframe trend: 1d=range, 4h=range
2026-07-26T01:19:35.923Z INFO     optionspilot.engine | SPY: long 21.9% | conservative | no trade
  gate: poor setup: confidence 21.9% < required 80% (conservative mode)
  passed: volume (+0.70); momentum (+0.24); trend strength (ADX) (+0.58); liquidity sweep (+1.00); candlestick confirmation (+0.60)
  failed: trend alignment (+0.00); market structure (-0.70); support/resistance (+0.13); no consolidation (-0.50)
  - CHOCH down through 751.18 on 15m (4 bars ago)
  + EMA stack: 3/3 timeframes bullish, 0 bearish
  + liquidity grab below lows at 751.18 on 15m
  + RSI(14) = 68 on 15m
  + elevated volume (5.4x average) confirming flow on 15m
  + price above VWAP on 15m
  + candlesticks: hammer (15m)
  + ADX 29 with +DI leading on 15m
  - MACD histogram -0.170 and rising on 15m
  + net buying pressure +0.40 on 15m
  + price in discount of swing range 740.03–752.41 (position 0.43)
  + higher-timeframe trend: 1d=range, 4h=range
  + supertrend: 1d=bear, 4h=bull
  - entry timeframe is consolidating — confidence damped 25%
2026-07-26T01:19:35.998Z INFO     optionspilot.engine | SPY: long 32.3% | conservative | no trade
  gate: poor setup: confidence 32.3% < required 80% (conservative mode)
  passed: market structure (+0.70); volume (+0.59); momentum (+0.30); trend strength (ADX) (+0.61); liquidity sweep (+1.00)
  failed: trend alignment (+0.00); support/resistance (-0.04)
  + CHOCH up through 751.97 on 15m (0 bars ago)
  + EMA stack: 3/3 timeframes bullish, 0 bearish
  + RSI(14) = 72 on 15m
  + liquidity grab below lows at 751.18 on 15m
  - price in premium of swing range 740.03–752.41 (position 0.94)
  + price at unmitigated support (bullish FVG/OB) on 15m
  + elevated volume (2.2x average) confirming flow on 15m
  + ADX 30 with +DI leading on 15m
  - price below VWAP on 15m
  - MACD histogram -0.128 and rising on 15m
  + net buying pressure +0.29 on 15m
  + higher-timeframe trend: 1d=range, 4h=range
  + supertrend: 1d=bear, 4h=bull
2026-07-26T01:19:36.025Z INFO     optionspilot.engine | SPY: long 29.3% | conservative | no trade
  gate: average setup: confidence 29.3% < required 80% (conservative mode)
  passed: market structure (+0.70); volume (+0.33); trend strength (ADX) (+0.63); liquidity sweep (+1.00)
  failed: trend alignment (+0.00); momentum (-0.05); support/resistance (-0.89)
  + CHOCH up through 751.97 on 15m (1 bars ago)
  + EMA stack: 3/3 timeframes bullish, 0 bearish
  + liquidity grab below lows at 751.18 on 15m
  - price in premium of swing range 740.03–752.41 (position 0.94)
  + ADX 32 with +DI leading on 15m
  + price above VWAP on 15m
  - MACD histogram -0.062 and rising on 15m
  + net buying pressure +0.33 on 15m
  + RSI(14) = 75 on 15m
  + higher-timeframe trend: 1d=range, 4h=range
  + supertrend: 1d=bear, 4h=bull
2026-07-26T01:19:36.062Z INFO     optionspilot.engine | SPY: long 34.9% | conservative | no trade
  gate: average setup: confidence 34.9% < required 80% (conservative mode)
  passed: market structure (+0.70); volume (+0.28); momentum (+0.30); trend strength (ADX) (+0.66); liquidity sweep (+1.00)
  failed: trend alignment (+0.00); support/resistance (-0.89)
  + CHOCH up through 751.97 on 15m (2 bars ago)
  + EMA stack: 3/3 timeframes bullish, 0 bearish
  + RSI(14) = 72 on 15m
  + liquidity grab below lows at 751.18 on 15m
  - price in premium of swing range 740.03–752.41 (position 0.94)
  + ADX 33 with +DI leading on 15m
  + price above VWAP on 15m
  - MACD histogram -0.043 and rising on 15m
  + net buying pressure +0.28 on 15m
  + higher-timeframe trend: 1d=range, 4h=range
  + supertrend: 1d=bear, 4h=bull
2026-07-26T01:19:36.085Z INFO     optionspilot.engine | SPY: long 21.4% | conservative | no trade
  gate: poor setup: confidence 21.4% < required 80% (conservative mode)
  passed: market structure (+0.70); volume (+0.24); trend strength (ADX) (+0.67); liquidity sweep (+1.00)
  failed: trend alignment (+0.00); momentum (+0.00); support/resistance (-0.89)
  + CHOCH up through 751.97 on 15m (3 bars ago)
  + EMA stack: 3/3 timeframes bullish, 0 bearish
  + RSI(14) = 71 on 15m
  - MACD histogram -0.046 and falling on 15m
  + liquidity grab below lows at 751.18 on 15m
  - price in premium of swing range 740.03–752.41 (position 0.94)
  + ADX 33 with +DI leading on 15m
  - price below VWAP on 15m
  + net buying pressure +0.24 on 15m
  + higher-timeframe trend: 1d=range, 4h=range
  + supertrend: 1d=bear, 4h=bull
2026-07-26T01:19:36.109Z INFO     optionspilot.engine | SPY: long 24.1% | conservative | no trade
  gate: poor setup: confidence 24.1% < required 80% (conservative mode)
  passed: market structure (+0.70); volume (+0.65); liquidity sweep (+1.00); candlestick confirmation (+0.60)
  failed: trend alignment (+0.00); momentum (-0.19); support/resistance (-0.89); trend strength (ADX) (-0.65)
  + CHOCH up through 751.97 on 15m (4 bars ago)
  + EMA stack: 3/3 timeframes bullish, 0 bearish
  - MACD histogram -0.086 and falling on 15m
  + liquidity grab below lows at 750.83 on 15m
  - price in premium of swing range 740.03–752.41 (position 0.94)
  + RSI(14) = 64 on 15m
  + elevated volume (3.1x average) confirming flow on 15m
  - ADX 33 with -DI leading on 15m
  + price above VWAP on 15m
  + candlesticks: hammer (15m)
  + net buying pressure +0.30 on 15m
  + higher-timeframe trend: 1d=range, 4h=range
  + supertrend: 1d=bear, 4h=bull
2026-07-26T01:19:36.135Z INFO     optionspilot.engine | SPY: long 1.4% | conservative | no trade
  gate: poor setup: confidence 1.4% < required 80% (conservative mode)
  passed: market structure (+0.70); volume (+0.26); liquidity sweep (+1.00)
  failed: trend alignment (+0.00); momentum (-0.50); support/resistance (-0.89); trend strength (ADX) (-0.64)
  + CHOCH up through 751.97 on 15m (5 bars ago)
  - MACD histogram -0.174 and falling on 15m
  + liquidity grab below lows at 750.83 on 15m
  - price in premium of swing range 740.03–752.41 (position 0.94)
  + EMA stack: 2/3 timeframes bullish, 0 bearish
  - ADX 32 with -DI leading on 15m
  - price below VWAP on 15m
  + net buying pressure +0.26 on 15m
  + higher-timeframe trend: 1d=range, 4h=range
  + supertrend: 1d=bear, 4h=bull
  + RSI(14) = 54 on 15m
2026-07-26T01:19:36.168Z INFO     optionspilot.engine | SPY: long 15.1% | conservative | no trade
  gate: poor setup: confidence 15.1% < required 80% (conservative mode)
  passed: market structure (+0.70); volume (+0.27); liquidity sweep (+1.00)
  failed: trend alignment (+0.00); momentum (-0.35); support/resistance (-0.89); trend strength (ADX) (-0.64)
  + CHOCH up through 751.97 on 15m (6 bars ago)
  + EMA stack: 3/3 timeframes bullish, 0 bearish
  - MACD histogram -0.184 and falling on 15m
  + liquidity grab below lows at 750.83 on 15m
  - price in premium of swing range 740.03–752.41 (position 0.94)
  - ADX 32 with -DI leading on 15m
  + price above VWAP on 15m
  + RSI(14) = 60 on 15m
  + net buying pressure +0.27 on 15m
  + higher-timeframe trend: 1d=range, 4h=range
  + supertrend: 1d=bear, 4h=bull
2026-07-26T01:19:36.195Z INFO     optionspilot.engine | SPY: long 9.9% | conservative | no trade
  gate: poor setup: confidence 9.9% < required 80% (conservative mode)
  passed: market structure (+0.70); volume (+0.31); momentum (+0.21)
  failed: trend alignment (+0.00); support/resistance (-0.89); trend strength (ADX) (-0.61); liquidity sweep (-1.00)
  + CHOCH up through 751.97 on 15m (7 bars ago)
  + EMA stack: 3/3 timeframes bullish, 0 bearish
  - liquidity grab above highs at 753.35 on 15m
  + RSI(14) = 67 on 15m
  - price in premium of swing range 740.03–752.41 (position 0.94)
  - ADX 30 with -DI leading on 15m
  + price above VWAP on 15m
  - MACD histogram -0.107 and rising on 15m
  + net buying pressure +0.31 on 15m
  + higher-timeframe trend: 1d=range, 4h=range
  + supertrend: 1d=bear, 4h=bull
2026-07-26T01:19:36.227Z INFO     optionspilot.engine | SPY: long 0.6% | conservative | no trade
  gate: poor setup: confidence 0.6% < required 80% (conservative mode)
  passed: market structure (+0.70); volume (+0.30)
  failed: trend alignment (+0.00); momentum (-0.45); support/resistance (-0.04); trend strength (ADX) (-0.59); liquidity sweep (-1.00)
  + CHOCH up through 751.97 on 15m (8 bars ago)
  - MACD histogram -0.141 and falling on 15m
  - liquidity grab above highs at 753.35 on 15m
  - price in premium of swing range 740.03–752.41 (position 0.94)
  + EMA stack: 2/3 timeframes bullish, 0 bearish
  + price at unmitigated support (bullish FVG/OB) on 15m
  + price above VWAP on 15m
  - ADX 29 with -DI leading on 15m
  + net buying pressure +0.30 on 15m
  + RSI(14) = 57 on 15m
  + higher-timeframe trend: 1d=range, 4h=range
  + supertrend: 1d=bear, 4h=bull
2026-07-26T01:19:36.293Z INFO     optionspilot.engine | SPY: long 6.9% | conservative | no trade
  gate: poor setup: confidence 6.9% < required 80% (conservative mode)
  passed: market structure (+0.70); volume (+0.35)
  failed: trend alignment (+0.00); momentum (-0.00); support/resistance (-0.89); trend strength (ADX) (-0.56); liquidity sweep (-1.00)
  + CHOCH up through 751.97 on 15m (9 bars ago)
  + EMA stack: 3/3 timeframes bullish, 0 bearish
  - liquidity grab above highs at 753.35 on 15m
  - price in premium of swing range 740.03–752.41 (position 0.94)
  + price above VWAP on 15m
  - ADX 28 with -DI leading on 15m
  - MACD histogram -0.113 and rising on 15m
  + RSI(14) = 61 on 15m
  + net buying pressure +0.35 on 15m
  + higher-timeframe trend: 1d=range, 4h=range
  + supertrend: 1d=bear, 4h=bull
2026-07-26T01:19:36.320Z INFO     optionspilot.engine | SPY: long 8.3% | conservative | no trade
  gate: poor setup: confidence 8.3% < required 80% (conservative mode)
  passed: market structure (+0.70); volume (+0.36)
  failed: trend alignment (+0.00); momentum (+0.06); support/resistance (-0.89); trend strength (ADX) (-0.54); liquidity sweep (-1.00)
  + CHOCH up through 751.97 on 15m (10 bars ago)
  + EMA stack: 3/3 timeframes bullish, 0 bearish
  - liquidity grab above highs at 753.35 on 15m
  - price in premium of swing range 740.03–752.41 (position 0.94)
  + RSI(14) = 63 on 15m
  + price above VWAP on 15m
  - ADX 27 with -DI leading on 15m
  - MACD histogram -0.073 and rising on 15m
  + net buying pressure +0.36 on 15m
  + higher-timeframe trend: 1d=range, 4h=range
  + supertrend: 1d=bear, 4h=bull
2026-07-26T01:19:36.359Z INFO     optionspilot.engine | SPY: long 4.0% | conservative | no trade
  gate: poor setup: confidence 4.0% < required 80% (conservative mode)
  passed: market structure (+0.70); volume (+0.34)
  failed: trend alignment (+0.00); momentum (+0.06); support/resistance (-0.89); trend strength (ADX) (-0.50); liquidity sweep (-1.00); candlestick confirmation (-0.60)
  + CHOCH up through 751.97 on 15m (11 bars ago)
  + EMA stack: 3/3 timeframes bullish, 0 bearish
  - liquidity grab above highs at 753.42 on 15m
  - price in premium of swing range 740.03–752.41 (position 0.94)
  + RSI(14) = 63 on 15m
  + price above VWAP on 15m
  - candlesticks: shooting_star (15m)
  - ADX 25 with -DI leading on 15m
  - MACD histogram -0.054 and rising on 15m
  + net buying pressure +0.34 on 15m
  + higher-timeframe trend: 1d=range, 4h=range
  + supertrend: 1d=bear, 4h=bull
2026-07-26T01:19:36.401Z INFO     optionspilot.engine | SPY: long 16.5% | conservative | no trade
  gate: poor setup: confidence 16.5% < required 80% (conservative mode)
  passed: market structure (+1.00); volume (+0.34); candlestick confirmation (+0.60)
  failed: trend alignment (+0.00); momentum (+0.13); support/resistance (-0.89); trend strength (ADX) (-0.48); liquidity sweep (-1.00)
  + BOS up through 753.42 on 15m (0 bars ago)
  + EMA stack: 3/3 timeframes bullish, 0 bearish
  - liquidity grab above highs at 753.42 on 15m
  - price in premium of swing range 740.03–752.41 (position 0.94)
  + RSI(14) = 65 on 15m
  + price above VWAP on 15m
  + candlesticks: bullish_engulfing (15m)
  - MACD histogram -0.021 and rising on 15m
  - ADX 24 with -DI leading on 15m
  + net buying pressure +0.34 on 15m
  + higher-timeframe trend: 1d=range, 4h=range
  + supertrend: 1d=bear, 4h=bull
2026-07-26T01:19:36.425Z INFO     optionspilot.engine | SPY: long 31.3% | conservative | no trade
  gate: average setup: confidence 31.3% < required 80% (conservative mode)
  passed: market structure (+1.00); volume (+0.17); momentum (+0.90); trend strength (ADX) (+0.44)
  failed: trend alignment (+0.00); support/resistance (-0.89); liquidity sweep (-1.00)
  + BOS up through 753.42 on 15m (1 bars ago)
  + EMA stack: 3/3 timeframes bullish, 0 bearish
  + MACD histogram +0.017 and rising on 15m
  - liquidity grab above highs at 753.42 on 15m
  + RSI(14) = 67 on 15m
  - price in premium of swing range 740.03–752.41 (position 0.94)
  + price above VWAP on 15m
  + ADX 22 with +DI leading on 15m
  + net buying pressure +0.17 on 15m
  + higher-timeframe trend: 1d=range, 4h=range
  + supertrend: 1d=bear, 4h=bull
2026-07-26T01:19:36.450Z INFO     optionspilot.engine | SPY: long 25.2% | conservative | no trade
  gate: poor setup: confidence 25.2% < required 80% (conservative mode)
  passed: market structure (+1.00); volume (+0.27); momentum (+0.83)
  failed: trend alignment (+0.00); support/resistance (-0.89); trend strength (ADX) (-0.41); liquidity sweep (-1.00)
  + BOS up through 753.42 on 15m (2 bars ago)
  + EMA stack: 3/3 timeframes bullish, 0 bearish
  + MACD histogram +0.019 and rising on 15m
  - liquidity grab above highs at 753.42 on 15m
  - price in premium of swing range 740.03–752.41 (position 0.94)
  + RSI(14) = 65 on 15m
  + price above VWAP on 15m
  - ADX 21 with -DI leading on 15m
  + net buying pressure +0.27 on 15m
  + higher-timeframe trend: 1d=range, 4h=range
  + supertrend: 1d=bear, 4h=bull
2026-07-26T01:19:36.475Z INFO     optionspilot.engine | SPY: long 32.9% | conservative | no trade
  gate: average setup: confidence 32.9% < required 80% (conservative mode)
  passed: market structure (+1.00); volume (+0.53); momentum (+0.87); candlestick confirmation (+0.60)
  failed: trend alignment (+0.00); support/resistance (-0.89); trend strength (ADX) (+0.00); liquidity sweep (-1.00)
  + BOS up through 753.42 on 15m (3 bars ago)
  + EMA stack: 3/3 timeframes bullish, 0 bearish
  + MACD histogram +0.023 and rising on 15m
  - liquidity grab above highs at 753.42 on 15m
  + RSI(14) = 66 on 15m
  - price in premium of swing range 740.03–752.41 (position 0.94)
  + price above VWAP on 15m
  + candlesticks: bullish_engulfing (15m)
  + elevated volume (1.8x average) confirming flow on 15m
  + net buying pressure +0.31 on 15m
  + higher-timeframe trend: 1d=range, 4h=range
  + supertrend: 1d=bear, 4h=bull
  + ADX 19: no meaningful trend on 15m
2026-07-26T01:19:36.501Z INFO     optionspilot.engine | SPY: long 14.8% | conservative | no trade
  gate: poor setup: confidence 14.8% < required 80% (conservative mode)
  passed: market structure (+1.00); volume (+0.34); momentum (+0.59)
  failed: trend alignment (+0.00); support/resistance (-0.89); trend strength (ADX) (+0.00); no opposing divergence (-1.00); liquidity sweep (-1.00)
  + BOS up through 753.42 on 15m (4 bars ago)
  + EMA stack: 3/3 timeframes bullish, 0 bearish
  - bearish price/OBV divergence on 15m
  - liquidity grab above highs at 754.14 on 15m
  + RSI(14) = 67 on 15m
  - price in premium of swing range 740.03–752.41 (position 0.94)
  + price above VWAP on 15m
  + MACD histogram +0.023 and falling on 15m
  + net buying pressure +0.34 on 15m
  + higher-timeframe trend: 1d=range, 4h=range
  + supertrend: 1d=bear, 4h=bull
  + ADX 18: no meaningful trend on 15m
2026-07-26T01:19:36.526Z INFO     optionspilot.engine | SPY: long 9.6% | conservative | no trade
  gate: poor setup: confidence 9.6% < required 80% (conservative mode)
  passed: market structure (+1.00); volume (+0.33); momentum (+0.54)
  failed: trend alignment (+0.00); support/resistance (-0.89); trend strength (ADX) (+0.00); no opposing divergence (-1.00); liquidity sweep (-1.00); candlestick confirmation (-0.60)
  + BOS up through 753.42 on 15m (5 bars ago)
  + EMA stack: 3/3 timeframes bullish, 0 bearish
  - bearish price/OBV divergence on 15m
  - liquidity grab above highs at 754.14 on 15m
  - price in premium of swing range 740.03–752.41 (position 0.94)
  + RSI(14) = 65 on 15m
  + price above VWAP on 15m
  - candlesticks: bearish_engulfing (15m)
  + MACD histogram +0.005 and falling on 15m
  + net buying pressure +0.33 on 15m
  + higher-timeframe trend: 1d=range, 4h=range
  + supertrend: 1d=bear, 4h=bull
  + ADX 17: no meaningful trend on 15m
2026-07-26T01:19:36.552Z INFO     optionspilot.engine | SPY: long 23.9% | conservative | no trade
  gate: average setup: confidence 23.9% < required 80% (conservative mode)
  passed: market structure (+1.00); volume (+0.24); momentum (+0.60)
  failed: trend alignment (+0.00); support/resistance (-0.89); trend strength (ADX) (+0.00); liquidity sweep (-1.00)
  + BOS up through 754.14 on 15m (0 bars ago)
  + EMA stack: 3/3 timeframes bullish, 0 bearish
  - liquidity grab above highs at 754.14 on 15m
  + RSI(14) = 67 on 15m
  - price in premium of swing range 740.03–752.41 (position 0.94)
  + price above VWAP on 15m
  + MACD histogram +0.003 and falling on 15m
  + net buying pressure +0.24 on 15m
  + higher-timeframe trend: 1d=range, 4h=range
  + supertrend: 1d=bear, 4h=bull
  + ADX 17: no meaningful trend on 15m
2026-07-26T01:19:36.588Z INFO     optionspilot.engine | SPY: long 24.9% | conservative | no trade
  gate: average setup: confidence 24.9% < required 80% (conservative mode)
  passed: market structure (+1.00); volume (+0.31); momentum (+0.63)
  failed: trend alignment (+0.00); support/resistance (-0.89); trend strength (ADX) (+0.00); liquidity sweep (-1.00)
  + BOS up through 754.14 on 15m (1 bars ago)
  + EMA stack: 3/3 timeframes bullish, 0 bearish
  - liquidity grab above highs at 754.14 on 15m
  + RSI(14) = 68 on 15m
  - price in premium of swing range 740.03–752.41 (position 0.94)
  + price above VWAP on 15m
  + MACD histogram +0.003 and falling on 15m
  + net buying pressure +0.31 on 15m
  + higher-timeframe trend: 1d=range, 4h=range
  + supertrend: 1d=bear, 4h=bull
  + ADX 16: no meaningful trend on 15m
2026-07-26T01:19:36.621Z INFO     optionspilot.engine | SPY: long 13.1% | conservative | no trade
  gate: poor setup: confidence 13.1% < required 80% (conservative mode)
  passed: market structure (+1.00); volume (+0.28)
  failed: trend alignment (+0.00); momentum (-0.05); support/resistance (-0.89); trend strength (ADX) (+0.00); liquidity sweep (-1.00)
  + BOS up through 754.14 on 15m (2 bars ago)
  + EMA stack: 3/3 timeframes bullish, 0 bearish
  - MACD histogram -0.002 and falling on 15m
  - liquidity grab above highs at 754.14 on 15m
  + RSI(14) = 68 on 15m
  - price in premium of swing range 740.03–752.41 (position 0.94)
  + price above VWAP on 15m
  + net buying pressure +0.28 on 15m
  + higher-timeframe trend: 1d=range, 4h=range
  + supertrend: 1d=bear, 4h=bull
  + ADX 16: no meaningful trend on 15m
2026-07-26T01:19:36.645Z INFO     optionspilot.engine | SPY: long 12.3% | conservative | no trade
  gate: poor setup: confidence 12.3% < required 80% (conservative mode)
  passed: market structure (+1.00); volume (+0.19)
  failed: trend alignment (+0.00); momentum (-0.06); support/resistance (-0.89); trend strength (ADX) (+0.00); liquidity sweep (-1.00)
  + BOS up through 754.14 on 15m (3 bars ago)
  + EMA stack: 3/3 timeframes bullish, 0 bearish
  - MACD histogram -0.014 and falling on 15m
  - liquidity grab above highs at 754.14 on 15m
  + RSI(14) = 68 on 15m
  - price in premium of swing range 740.03–752.41 (position 0.94)
  + price above VWAP on 15m
  + net buying pressure +0.19 on 15m
  + higher-timeframe trend: 1d=range, 4h=range
  + supertrend: 1d=bear, 4h=bull
  + ADX 16: no meaningful trend on 15m
2026-07-26T01:19:36.671Z INFO     optionspilot.engine | SPY: long 33.5% | conservative | no trade
  gate: average setup: confidence 33.5% < required 80% (conservative mode)
  passed: market structure (+1.00); volume (+0.54); momentum (+1.00)
  failed: trend alignment (+0.00); support/resistance (-0.89); trend strength (ADX) (+0.00); liquidity sweep (-1.00)
  + BOS up through 754.72 on 15m (0 bars ago)
  + EMA stack: 3/3 timeframes bullish, 0 bearish
  + RSI(14) = 72 on 15m
  + MACD histogram +0.011 and rising on 15m
  - liquidity grab above highs at 754.14 on 15m
  - price in premium of swing range 740.03–752.41 (position 0.94)
  + price above VWAP on 15m
  + elevated volume (1.9x average) confirming flow on 15m
  + net buying pressure +0.33 on 15m
  + higher-timeframe trend: 1d=range, 4h=range
  + supertrend: 1d=bear, 4h=bull
  + ADX 16: no meaningful trend on 15m
2026-07-26T01:19:36.696Z INFO     optionspilot.engine | SPY: long 26.5% | conservative | no trade
  gate: average setup: confidence 26.5% < required 80% (conservative mode)
  passed: market structure (+1.00); volume (+0.36); momentum (+0.69)
  failed: trend alignment (+0.00); support/resistance (-0.89); trend strength (ADX) (+0.00); liquidity sweep (-1.00)
  + BOS up through 754.72 on 15m (1 bars ago)
  + EMA stack: 3/3 timeframes bullish, 0 bearish
  + RSI(14) = 70 on 15m
  - liquidity grab above highs at 754.14 on 15m
  - price in premium of swing range 740.03–752.41 (position 0.94)
  + price above VWAP on 15m
  + MACD histogram +0.006 and falling on 15m
  + elevated volume (1.3x average) confirming flow on 15m
  + net buying pressure +0.22 on 15m
  + higher-timeframe trend: 1d=range, 4h=range
  + supertrend: 1d=bear, 4h=bull
  + ADX 17: no meaningful trend on 15m
2026-07-26T01:19:36.722Z INFO     optionspilot.engine | SPY: long 16.7% | conservative | no trade
  gate: poor setup: confidence 16.7% < required 80% (conservative mode)
  passed: market structure (+1.00); volume (+0.52)
  failed: trend alignment (+0.00); momentum (+0.00); support/resistance (-0.89); trend strength (ADX) (+0.00); liquidity sweep (-1.00)
  + BOS up through 754.72 on 15m (2 bars ago)
  + EMA stack: 3/3 timeframes bullish, 0 bearish
  + RSI(14) = 70 on 15m
  - MACD histogram -0.001 and falling on 15m
  - liquidity grab above highs at 754.14 on 15m
  - price in premium of swing range 740.03–752.41 (position 0.94)
  + elevated volume (2.1x average) confirming flow on 15m
  + price above VWAP on 15m
  + net buying pressure +0.20 on 15m
  + higher-timeframe trend: 1d=range, 4h=range
  + supertrend: 1d=bear, 4h=bull
  + ADX 17: no meaningful trend on 15m
2026-07-26T01:19:36.778Z INFO     optionspilot.engine | SPY: long 15.9% | conservative | no trade
  gate: poor setup: confidence 15.9% < required 80% (conservative mode)
  passed: market structure (+1.00); volume (+0.56)
  failed: trend alignment (+0.00); momentum (-0.06); support/resistance (-0.89); trend strength (ADX) (+0.00); liquidity sweep (-1.00)
  + BOS up through 754.72 on 15m (3 bars ago)
  + EMA stack: 3/3 timeframes bullish, 0 bearish
  - MACD histogram -0.022 and falling on 15m
  - liquidity grab above highs at 754.14 on 15m
  + RSI(14) = 68 on 15m
  - price in premium of swing range 740.03–752.41 (position 0.94)
  + elevated volume (5.4x average) confirming flow on 15m
  + price above VWAP on 15m
  + net buying pressure +0.12 on 15m
  + higher-timeframe trend: 1d=range, 4h=range
  + supertrend: 1d=bear, 4h=bull
  + ADX 17: no meaningful trend on 15m
2026-07-26T01:19:36.826Z INFO     optionspilot.engine | SPY: short 4.0% | conservative | no trade
  gate: poor setup: confidence 4.0% < required 80% (conservative mode)
  passed: trend alignment (+0.50); momentum (+0.50); support/resistance (+1.00)
  failed: market structure (-1.00); volume (-0.52); trend strength (ADX) (-0.00)
  - BOS up through 754.72 on 15m (4 bars ago)
  + higher-timeframe trend: 1d=down, 4h=range
  + MACD histogram -0.165 and falling on 15m
  + price in premium of swing range 739.51–752.41 (position 1.20)
  - EMA stack: 2/3 timeframes bullish, 0 bearish
  - elevated volume (2.5x average) confirming flow on 15m
  + price below VWAP on 15m
  - net buying pressure +0.05 on 15m
  + supertrend: 1d=bear, 4h=bull
  + RSI(14) = 46 on 15m
  + ADX 17: no meaningful trend on 15m
2026-07-26T01:19:36.853Z INFO     optionspilot.engine | SPY: short 5.4% | conservative | no trade
  gate: poor setup: confidence 5.4% < required 80% (conservative mode)
  passed: trend alignment (+0.50); momentum (+0.50); support/resistance (+0.90)
  failed: market structure (-1.00); volume (-0.08); trend strength (ADX) (-0.00)
  - BOS up through 754.72 on 15m (5 bars ago)
  + higher-timeframe trend: 1d=down, 4h=range
  + MACD histogram -0.214 and falling on 15m
  + price in premium of swing range 739.51–752.41 (position 1.20)
  - EMA stack: 2/3 timeframes bullish, 0 bearish
  + price at unmitigated resistance (bearish FVG/OB) on 15m
  - price above VWAP on 15m
  - net buying pressure +0.08 on 15m
  + supertrend: 1d=bear, 4h=bull
  + RSI(14) = 52 on 15m
  + ADX 18: no meaningful trend on 15m
2026-07-26T01:19:36.879Z INFO     optionspilot.engine | SPY: short 0.6% | conservative | no trade
  gate: poor setup: confidence 0.6% < required 80% (conservative mode)
  passed: trend alignment (+0.50); momentum (+0.50); support/resistance (+1.00)
  failed: market structure (-1.00); volume (-0.09); trend strength (ADX) (-0.00)
  - BOS up through 754.72 on 15m (6 bars ago)
  + higher-timeframe trend: 1d=down, 4h=range
  + MACD histogram -0.264 and falling on 15m
  + price in premium of swing range 739.51–752.41 (position 1.20)
  - EMA stack: 2/3 timeframes bullish, 0 bearish
  - price above VWAP on 15m
  - net buying pressure +0.09 on 15m
  + supertrend: 1d=bear, 4h=bull
  + RSI(14) = 49 on 15m
  + ADX 19: no meaningful trend on 15m
2026-07-26T01:19:36.906Z INFO     optionspilot.engine | SPY: long 4.4% | conservative | no trade
  gate: poor setup: confidence 4.4% < required 80% (conservative mode)
  passed: market structure (+1.00); volume (+0.42); candlestick confirmation (+0.60)
  failed: trend alignment (-0.50); momentum (-0.50); support/resistance (-1.00); trend strength (ADX) (-0.43)
  + BOS up through 754.72 on 15m (7 bars ago)
  - higher-timeframe trend: 1d=down, 4h=range
  - MACD histogram -0.300 and falling on 15m
  - price in premium of swing range 739.51–752.41 (position 1.20)
  + EMA stack: 2/3 timeframes bullish, 0 bearish
  + price above VWAP on 15m
  + candlesticks: hammer (15m)
  + elevated volume (1.9x average) confirming flow on 15m
  - ADX 21 with -DI leading on 15m
  + net buying pressure +0.11 on 15m
  + supertrend: 1d=bear, 4h=bull
  + RSI(14) = 47 on 15m
2026-07-26T01:19:36.933Z INFO     optionspilot.engine | SPY: short 21.9% | conservative | no trade
  gate: average setup: confidence 21.9% < required 80% (conservative mode)
  passed: trend alignment (+0.50); momentum (+0.79); support/resistance (+0.90); trend strength (ADX) (+0.47)
  failed: market structure (-1.00); volume (-0.08)
  - BOS up through 754.72 on 15m (8 bars ago)
  + higher-timeframe trend: 1d=down, 4h=range
  + MACD histogram -0.415 and falling on 15m
  + price in premium of swing range 739.51–752.41 (position 1.20)
  - EMA stack: 2/3 timeframes bullish, 0 bearish
  + RSI(14) = 36 on 15m
  + price at unmitigated resistance (bearish FVG/OB) on 15m
  + price below VWAP on 15m
  + ADX 23 with -DI leading on 15m
  - net buying pressure +0.08 on 15m
  + supertrend: 1d=bear, 4h=bull
2026-07-26T01:19:36.960Z INFO     optionspilot.engine | SPY: long 1.7% | conservative | no trade
  gate: poor setup: confidence 1.7% < required 80% (conservative mode)
  passed: market structure (+1.00)
  failed: trend alignment (-0.50); volume (+0.14); momentum (-0.20); support/resistance (-1.00); trend strength (ADX) (-0.50)
  + BOS up through 754.72 on 15m (9 bars ago)
  - higher-timeframe trend: 1d=down, 4h=range
  - price in premium of swing range 739.51–752.41 (position 1.20)
  + EMA stack: 2/3 timeframes bullish, 0 bearish
  + price above VWAP on 15m
  - ADX 25 with -DI leading on 15m
  - MACD histogram -0.391 and rising on 15m
  + net buying pressure +0.14 on 15m
  + supertrend: 1d=bear, 4h=bull
  + RSI(14) = 47 on 15m
2026-07-26T01:19:36.987Z INFO     optionspilot.engine | SPY: short 14.4% | conservative | no trade
  gate: average setup: confidence 14.4% < required 80% (conservative mode)
  passed: trend alignment (+0.50); momentum (+0.57); support/resistance (+1.00); trend strength (ADX) (+0.53)
  failed: market structure (-1.00); volume (-0.12)
  - BOS up through 754.72 on 15m (10 bars ago)
  + higher-timeframe trend: 1d=down, 4h=range
  + MACD histogram -0.403 and falling on 15m
  + price in premium of swing range 739.51–752.41 (position 1.20)
  - EMA stack: 2/3 timeframes bullish, 0 bearish
  + price below VWAP on 15m
  + ADX 27 with -DI leading on 15m
  + RSI(14) = 43 on 15m
  - net buying pressure +0.12 on 15m
  + supertrend: 1d=bear, 4h=bull
2026-07-26T01:19:37.014Z INFO     optionspilot.engine | SPY: short 7.6% | conservative | no trade
  gate: average setup: confidence 7.6% < required 80% (conservative mode)
  passed: trend alignment (+0.50); momentum (+0.20); support/resistance (+1.00); trend strength (ADX) (+0.56)
  failed: market structure (-1.00); volume (-0.13)
  - BOS up through 754.72 on 15m (11 bars ago)
  + higher-timeframe trend: 1d=down, 4h=range
  + price in premium of swing range 739.51–752.41 (position 1.20)
  - EMA stack: 2/3 timeframes bullish, 0 bearish
  + price below VWAP on 15m
  + ADX 28 with -DI leading on 15m
  + MACD histogram -0.374 and rising on 15m
  - net buying pressure +0.13 on 15m
  + RSI(14) = 45 on 15m
  + supertrend: 1d=bear, 4h=bull
2026-07-26T01:19:37.041Z INFO     optionspilot.engine | SPY: short 18.9% | conservative | no trade
  gate: average setup: confidence 18.9% < required 80% (conservative mode)
  passed: trend alignment (+0.50); momentum (+0.63); support/resistance (+1.00); trend strength (ADX) (+0.58); candlestick confirmation (+0.60)
  failed: market structure (-1.00); volume (-0.10)
  - BOS up through 754.72 on 15m (12 bars ago)
  + higher-timeframe trend: 1d=down, 4h=range
  + MACD histogram -0.380 and falling on 15m
  + price in premium of swing range 739.51–752.41 (position 1.20)
  - EMA stack: 2/3 timeframes bullish, 0 bearish
  + price below VWAP on 15m
  + candlesticks: bearish_engulfing (15m)
  + ADX 29 with -DI leading on 15m
  + RSI(14) = 41 on 15m
  - net buying pressure +0.10 on 15m
  + supertrend: 1d=bear, 4h=bull
2026-07-26T01:19:37.091Z INFO     optionspilot.engine | SPY: short 36.6% | conservative | no trade
  gate: average setup: confidence 36.6% < required 80% (conservative mode)
  passed: trend alignment (+0.50); momentum (+0.72); support/resistance (+1.00); trend strength (ADX) (+0.61)
  failed: volume (-0.10)
  + higher-timeframe trend: 1d=down, 4h=range
  + MACD histogram -0.398 and falling on 15m
  + price in premium of swing range 739.51–752.41 (position 1.20)
  - EMA stack: 2/3 timeframes bullish, 0 bearish
  + ADX 31 with -DI leading on 15m
  + price below VWAP on 15m
  + RSI(14) = 38 on 15m
  - net buying pressure +0.10 on 15m
  + supertrend: 1d=bear, 4h=bull
2026-07-26T01:19:37.126Z INFO     optionspilot.engine | SPY: short 30.0% | conservative | no trade
  gate: average setup: confidence 30.0% < required 80% (conservative mode)
  passed: trend alignment (+0.50); momentum (+0.36); support/resistance (+1.00); trend strength (ADX) (+0.65)
  failed: volume (-0.03)
  + higher-timeframe trend: 1d=down, 4h=range
  + price in premium of swing range 739.51–752.41 (position 1.20)
  - EMA stack: 2/3 timeframes bullish, 0 bearish
  + ADX 32 with -DI leading on 15m
  + price below VWAP on 15m
  + MACD histogram -0.377 and rising on 15m
  + RSI(14) = 40 on 15m
  - net buying pressure +0.03 on 15m
  + supertrend: 1d=bear, 4h=bull
2026-07-26T01:19:37.162Z INFO     optionspilot.engine | SPY: short 44.9% | conservative | no trade
  gate: good setup: confidence 44.9% < required 80% (conservative mode)
  passed: trend alignment (+0.50); market structure (+0.70); momentum (+0.86); support/resistance (+1.00); trend strength (ADX) (+0.69)
  failed: volume (-0.03)
  + CHOCH down through 750.30 on 15m (0 bars ago)
  + higher-timeframe trend: 1d=down, 4h=range
  + MACD histogram -0.417 and falling on 15m
  + price in premium of swing range 739.51–752.41 (position 1.20)
  + RSI(14) = 34 on 15m
  - EMA stack: 2/3 timeframes bullish, 0 bearish
  + ADX 34 with -DI leading on 15m
  + price below VWAP on 15m
  - net buying pressure +0.03 on 15m
  + supertrend: 1d=bear, 4h=bull
2026-07-26T01:19:37.205Z INFO     optionspilot.engine | SPY: short 25.7% | conservative | no trade
  gate: poor setup: confidence 25.7% < required 80% (conservative mode)
  passed: trend alignment (+0.50); market structure (+0.70); momentum (+0.53); support/resistance (+0.90); trend strength (ADX) (+0.73)
  failed: volume (-0.08); liquidity sweep (-1.00); candlestick confirmation (-0.60)
  + CHOCH down through 750.30 on 15m (1 bars ago)
  + higher-timeframe trend: 1d=down, 4h=range
  - liquidity grab below lows at 750.30 on 15m
  + price in premium of swing range 739.51–752.41 (position 1.20)
  + RSI(14) = 35 on 15m
  - EMA stack: 2/3 timeframes bullish, 0 bearish
  + ADX 37 with -DI leading on 15m
  + price at unmitigated resistance (bearish FVG/OB) on 15m
  + price below VWAP on 15m
  - candlesticks: hammer (15m)
  + MACD histogram -0.415 and rising on 15m
  - net buying pressure +0.08 on 15m
  + supertrend: 1d=bear, 4h=bull
2026-07-26T01:19:37.239Z INFO     optionspilot.engine | SPY: short 35.9% | conservative | no trade
  gate: average setup: confidence 35.9% < required 80% (conservative mode)
  passed: trend alignment (+0.50); market structure (+0.70); momentum (+0.91); support/resistance (+1.00); trend strength (ADX) (+0.77); candlestick confirmation (+0.60)
  failed: volume (-0.16); liquidity sweep (-1.00)
  + CHOCH down through 750.30 on 15m (2 bars ago)
  + higher-timeframe trend: 1d=down, 4h=range
  + MACD histogram -0.422 and falling on 15m
  - liquidity grab below lows at 750.30 on 15m
  + RSI(14) = 33 on 15m
  + price in premium of swing range 739.51–752.41 (position 1.20)
  - EMA stack: 2/3 timeframes bullish, 0 bearish
  + ADX 38 with -DI leading on 15m
  + price below VWAP on 15m
  + candlesticks: bearish_engulfing (15m)
  - net buying pressure +0.16 on 15m
  + supertrend: 1d=bear, 4h=bull
2026-07-26T01:19:37.263Z INFO     optionspilot.engine | SPY: short 27.9% | conservative | no trade
  gate: average setup: confidence 27.9% < required 80% (conservative mode)
  passed: trend alignment (+0.50); market structure (+0.70); momentum (+0.55); support/resistance (+1.00); trend strength (ADX) (+0.80)
  failed: volume (-0.22); liquidity sweep (-1.00)
  + CHOCH down through 750.30 on 15m (3 bars ago)
  + higher-timeframe trend: 1d=down, 4h=range
  - liquidity grab below lows at 750.30 on 15m
  + price in premium of swing range 739.51–752.41 (position 1.20)
  + RSI(14) = 34 on 15m
  - EMA stack: 2/3 timeframes bullish, 0 bearish
  + ADX 40 with -DI leading on 15m
  + price below VWAP on 15m
  + MACD histogram -0.389 and rising on 15m
  - net buying pressure +0.22 on 15m
  + supertrend: 1d=bear, 4h=bull
2026-07-26T01:19:37.315Z INFO     optionspilot.engine | SPY: short 32.5% | conservative | no trade
  gate: average setup: confidence 32.5% < required 80% (conservative mode)
  passed: trend alignment (+0.50); market structure (+0.70); momentum (+0.59); support/resistance (+1.00); trend strength (ADX) (+0.84)
  failed: volume (-0.12); liquidity sweep (-1.00)
  + CHOCH down through 750.30 on 15m (4 bars ago)
  + higher-timeframe trend: 1d=down, 4h=range
  - liquidity grab below lows at 750.30 on 15m
  + price in premium of swing range 739.51–752.41 (position 1.20)
  + RSI(14) = 33 on 15m
  + ADX 42 with -DI leading on 15m
  + price below VWAP on 15m
  + MACD histogram -0.361 and rising on 15m
  - EMA stack: 2/3 timeframes bullish, 1 bearish
  - net buying pressure +0.12 on 15m
  + supertrend: 1d=bear, 4h=bull
2026-07-26T01:19:37.348Z INFO     optionspilot.engine | SPY: short 31.6% | conservative | no trade
  gate: average setup: confidence 31.6% < required 80% (conservative mode)
  passed: trend alignment (+0.50); market structure (+0.70); momentum (+0.53); support/resistance (+1.00); trend strength (ADX) (+0.87)
  failed: volume (-0.13); liquidity sweep (-1.00)
  + CHOCH down through 750.30 on 15m (5 bars ago)
  + higher-timeframe trend: 1d=down, 4h=range
  - liquidity grab below lows at 750.30 on 15m
  + price in premium of swing range 739.51–752.41 (position 1.20)
  + ADX 44 with -DI leading on 15m
  + RSI(14) = 35 on 15m
  + price below VWAP on 15m
  + MACD histogram -0.309 and rising on 15m
  - EMA stack: 2/3 timeframes bullish, 1 bearish
  - net buying pressure +0.13 on 15m
  + supertrend: 1d=bear, 4h=bull
2026-07-26T01:19:37.372Z INFO     optionspilot.engine | SPY: short 37.3% | conservative | no trade
  gate: average setup: confidence 37.3% < required 80% (conservative mode)
  passed: trend alignment (+0.50); market structure (+0.70); momentum (+0.66); support/resistance (+1.00); trend strength (ADX) (+0.90); candlestick confirmation (+0.60)
  failed: volume (+0.08); liquidity sweep (-1.00)
  + CHOCH down through 750.30 on 15m (6 bars ago)
  + higher-timeframe trend: 1d=down, 4h=range
  + RSI(14) = 31 on 15m
  - liquidity grab below lows at 750.30 on 15m
  + price in premium of swing range 739.51–752.41 (position 1.20)
  + ADX 45 with -DI leading on 15m
  + price below VWAP on 15m
  + candlesticks: bearish_engulfing (15m)
  + MACD histogram -0.303 and rising on 15m
  - EMA stack: 2/3 timeframes bullish, 1 bearish
  + net selling pressure -0.08 on 15m
  + supertrend: 1d=bear, 4h=bull
2026-07-26T01:19:37.397Z INFO     optionspilot.engine | SPY: short 32.4% | conservative | no trade
  gate: average setup: confidence 32.4% < required 80% (conservative mode)
  passed: trend alignment (+0.50); market structure (+0.70); momentum (+0.49); support/resistance (+1.00); trend strength (ADX) (+0.93)
  failed: volume (+0.01); liquidity sweep (-1.00)
  + CHOCH down through 750.30 on 15m (7 bars ago)
  + higher-timeframe trend: 1d=down, 4h=range
  - liquidity grab below lows at 750.30 on 15m
  + price in premium of swing range 739.51–752.41 (position 1.20)
  + ADX 47 with -DI leading on 15m
  + RSI(14) = 36 on 15m
  + price below VWAP on 15m
  + MACD histogram -0.244 and rising on 15m
  - EMA stack: 2/3 timeframes bullish, 1 bearish
  + net selling pressure -0.01 on 15m
  + supertrend: 1d=bear, 4h=bull
2026-07-26T01:19:37.422Z INFO     optionspilot.engine | SPY: short 35.4% | conservative | no trade
  gate: average setup: confidence 35.4% < required 80% (conservative mode)
  passed: trend alignment (+0.50); market structure (+0.70); volume (+0.16); momentum (+0.58); support/resistance (+1.00); trend strength (ADX) (+0.96)
  failed: liquidity sweep (-1.00)
  + CHOCH down through 750.30 on 15m (8 bars ago)
  + higher-timeframe trend: 1d=down, 4h=range
  - liquidity grab below lows at 750.30 on 15m
  + price in premium of swing range 739.51–752.41 (position 1.20)
  + ADX 48 with -DI leading on 15m
  + RSI(14) = 34 on 15m
  + price below VWAP on 15m
  + MACD histogram -0.221 and rising on 15m
  - EMA stack: 2/3 timeframes bullish, 1 bearish
  + net selling pressure -0.16 on 15m
  + supertrend: 1d=bear, 4h=bull
2026-07-26T01:19:37.447Z INFO     optionspilot.engine | SPY: short 27.4% | conservative | no trade
  gate: poor setup: confidence 27.4% < required 80% (conservative mode)
  passed: trend alignment (+0.50); market structure (+0.70); volume (+0.37); momentum (+0.38); support/resistance (+1.00); trend strength (ADX) (+0.98)
  failed: liquidity sweep (-1.00); candlestick confirmation (-0.60)
  + CHOCH down through 750.30 on 15m (9 bars ago)
  + higher-timeframe trend: 1d=down, 4h=range
  - liquidity grab below lows at 750.30 on 15m
  + price in premium of swing range 739.51–752.41 (position 1.20)
  + ADX 49 with -DI leading on 15m
  + price below VWAP on 15m
  - candlesticks: bullish_engulfing (15m)
  + elevated volume (1.8x average) confirming flow on 15m
  + MACD histogram -0.150 and rising on 15m
  + RSI(14) = 39 on 15m
  - EMA stack: 2/3 timeframes bullish, 1 bearish
  + net selling pressure -0.01 on 15m
  + supertrend: 1d=bear, 4h=bull
2026-07-26T01:19:37.484Z INFO     optionspilot.engine | SPY: short 33.5% | conservative | no trade
  gate: average setup: confidence 33.5% < required 80% (conservative mode)
  passed: trend alignment (+0.50); market structure (+0.70); volume (+0.29); momentum (+0.44); support/resistance (+1.00); trend strength (ADX) (+0.99)
  failed: liquidity sweep (-1.00)
  + CHOCH down through 750.30 on 15m (10 bars ago)
  + higher-timeframe trend: 1d=down, 4h=range
  - liquidity grab below lows at 750.30 on 15m
  + price in premium of swing range 739.51–752.41 (position 1.20)
  + ADX 50 with -DI leading on 15m
  + RSI(14) = 38 on 15m
  + price below VWAP on 15m
  + MACD histogram -0.109 and rising on 15m
  - EMA stack: 2/3 timeframes bullish, 1 bearish
  + elevated volume (1.2x average) confirming flow on 15m
  + net selling pressure -0.08 on 15m
  + supertrend: 1d=bear, 4h=bull
2026-07-26T01:19:37.519Z INFO     optionspilot.engine | SPY: short 44.7% | conservative | no trade
  gate: good setup: confidence 44.7% < required 80% (conservative mode)
  passed: trend alignment (+0.50); market structure (+0.70); momentum (+0.49); support/resistance (+1.00); trend strength (ADX) (+1.00)
  failed: volume (+0.09)
  + CHOCH down through 750.30 on 15m (11 bars ago)
  + higher-timeframe trend: 1d=down, 4h=range
  + ADX 51 with -DI leading on 15m
  + price in premium of swing range 739.51–752.41 (position 1.20)
  + RSI(14) = 36 on 15m
  + price below VWAP on 15m
  + MACD histogram -0.087 and rising on 15m
  - EMA stack: 2/3 timeframes bullish, 1 bearish
  + net selling pressure -0.09 on 15m
  + supertrend: 1d=bear, 4h=bull
2026-07-26T01:19:37.544Z INFO     optionspilot.engine | SPY: short 58.9% | conservative | no trade
  gate: good setup: confidence 58.9% < required 80% (conservative mode)
  passed: trend alignment (+0.50); market structure (+1.00); volume (+0.48); momentum (+0.95); support/resistance (+1.00); trend strength (ADX) (+1.00)
  failed: none
  + BOS down through 748.97 on 15m (0 bars ago)
  + higher-timeframe trend: 1d=down, 4h=range
  + MACD histogram -0.119 and falling on 15m
  + RSI(14) = 31 on 15m
  + ADX 52 with -DI leading on 15m
  + price in premium of swing range 739.51–752.41 (position 1.20)
  + elevated volume (2.0x average) confirming flow on 15m
  + price below VWAP on 15m
  - EMA stack: 2/3 timeframes bullish, 1 bearish
  + net selling pressure -0.14 on 15m
  + supertrend: 1d=bear, 4h=bull
2026-07-26T01:19:37.581Z INFO     optionspilot.engine | SPY: short 49.7% | conservative | no trade
  gate: good setup: confidence 49.7% < required 80% (conservative mode)
  passed: trend alignment (+0.50); market structure (+1.00); volume (+0.44); momentum (+0.47); support/resistance (+1.00); trend strength (ADX) (+1.00)
  failed: none
  + BOS down through 748.97 on 15m (1 bars ago)
  + higher-timeframe trend: 1d=down, 4h=range
  + ADX 53 with -DI leading on 15m
  + price in premium of swing range 739.51–752.41 (position 1.20)
  + RSI(14) = 37 on 15m
  + elevated volume (2.1x average) confirming flow on 15m
  + price below VWAP on 15m
  + MACD histogram -0.090 and rising on 15m
  - EMA stack: 2/3 timeframes bullish, 1 bearish
  + net selling pressure -0.02 on 15m
  + supertrend: 1d=bear, 4h=bull
2026-07-26T01:19:37.655Z INFO     optionspilot.engine | SPY: short 31.5% | conservative | no trade
  gate: average setup: confidence 31.5% < required 80% (conservative mode)
  passed: trend alignment (+0.50); market structure (+1.00); momentum (+0.42); support/resistance (+1.00); trend strength (ADX) (+1.00)
  failed: volume (-0.51); liquidity sweep (-1.00)
  + BOS down through 748.97 on 15m (2 bars ago)
  + higher-timeframe trend: 1d=down, 4h=range
  - liquidity grab below lows at 748.97 on 15m
  + ADX 53 with -DI leading on 15m
  + price in premium of swing range 739.51–752.41 (position 1.20)
  - elevated volume (6.3x average) confirming flow on 15m
  + price below VWAP on 15m
  + RSI(14) = 38 on 15m
  + MACD histogram -0.048 and rising on 15m
  - net buying pressure +0.02 on 15m
  + supertrend: 1d=bear, 4h=bull
  + EMA stack: 1/3 timeframes bullish, 1 bearish
2026-07-26T01:19:37.722Z INFO     optionspilot.engine | SPY: long 20.8% | conservative | no trade
  gate: poor setup: confidence 20.8% < required 80% (conservative mode)
  passed: market structure (+0.70); volume (+0.55); momentum (+0.50); liquidity sweep (+1.00); candlestick confirmation (+0.60)
  failed: trend alignment (-0.50); support/resistance (-0.50); trend strength (ADX) (-0.99)
  + CHOCH up through 750.07 on 15m (0 bars ago)
  - higher-timeframe trend: 1d=down, 4h=range
  + MACD histogram +0.129 and rising on 15m
  + liquidity grab below lows at 748.97 on 15m
  - ADX 50 with -DI leading on 15m
  + elevated volume (3.0x average) confirming flow on 15m
  + price above VWAP on 15m
  + candlesticks: hammer (15m)
  - price in premium of swing range 739.51–752.41 (position 0.75)
  + EMA stack: 1/3 timeframes bullish, 0 bearish
  + net buying pressure +0.10 on 15m
  + supertrend: 1d=bear, 4h=bull
  + RSI(14) = 55 on 15m
2026-07-26T01:19:37.747Z INFO     optionspilot.engine | SPY: long 14.7% | conservative | no trade
  gate: poor setup: confidence 14.7% < required 80% (conservative mode)
  passed: market structure (+0.70); momentum (+0.50); liquidity sweep (+1.00)
  failed: trend alignment (-0.50); volume (+0.11); support/resistance (-0.50); trend strength (ADX) (-0.92)
  + CHOCH up through 750.07 on 15m (1 bars ago)
  - higher-timeframe trend: 1d=down, 4h=range
  + MACD histogram +0.242 and rising on 15m
  + liquidity grab below lows at 748.97 on 15m
  - ADX 46 with -DI leading on 15m
  + price above VWAP on 15m
  - price in premium of swing range 739.51–752.41 (position 0.75)
  + EMA stack: 1/3 timeframes bullish, 0 bearish
  + net buying pressure +0.11 on 15m
  + supertrend: 1d=bear, 4h=bull
  + RSI(14) = 55 on 15m
2026-07-26T01:19:37.781Z INFO     optionspilot.engine | SPY: long 2.6% | conservative | no trade
  gate: poor setup: confidence 2.6% < required 80% (conservative mode)
  passed: market structure (+0.70); momentum (+0.50); liquidity sweep (+1.00)
  failed: trend alignment (-0.50); volume (+0.10); support/resistance (-0.50); trend strength (ADX) (-0.88); candlestick confirmation (-0.60)
  + CHOCH up through 750.07 on 15m (2 bars ago)
  - higher-timeframe trend: 1d=down, 4h=range
  + MACD histogram +0.251 and rising on 15m
  + liquidity grab below lows at 748.97 on 15m
  - ADX 44 with -DI leading on 15m
  - price below VWAP on 15m
  - candlesticks: bearish_engulfing (15m)
  - price in premium of swing range 739.51–752.41 (position 0.75)
  + EMA stack: 1/3 timeframes bullish, 0 bearish
  + net buying pressure +0.10 on 15m
  + supertrend: 1d=bear, 4h=bull
  + RSI(14) = 49 on 15m
2026-07-26T01:19:37.806Z INFO     optionspilot.engine | SPY: long 7.3% | conservative | no trade
  gate: poor setup: confidence 7.3% < required 80% (conservative mode)
  passed: market structure (+0.70); momentum (+0.50); liquidity sweep (+1.00)
  failed: trend alignment (-0.50); volume (+0.14); support/resistance (-0.50); trend strength (ADX) (-0.85)
  + CHOCH up through 750.07 on 15m (3 bars ago)
  - higher-timeframe trend: 1d=down, 4h=range
  + MACD histogram +0.268 and rising on 15m
  + liquidity grab below lows at 748.97 on 15m
  - ADX 43 with -DI leading on 15m
  - price below VWAP on 15m
  - price in premium of swing range 739.51–752.41 (position 0.75)
  + EMA stack: 1/3 timeframes bullish, 0 bearish
  + net buying pressure +0.14 on 15m
  + supertrend: 1d=bear, 4h=bull
  + RSI(14) = 51 on 15m
2026-07-26T01:19:37.833Z INFO     optionspilot.engine | SPY: long 6.4% | conservative | no trade
  gate: poor setup: confidence 6.4% < required 80% (conservative mode)
  passed: market structure (+0.70); momentum (+0.50); trend strength (ADX) (+0.79)
  failed: trend alignment (-0.50); volume (+0.08); support/resistance (-0.50); liquidity sweep (-1.00); candlestick confirmation (-0.60)
  + CHOCH up through 750.07 on 15m (4 bars ago)
  - higher-timeframe trend: 1d=down, 4h=range
  + MACD histogram +0.295 and rising on 15m
  - liquidity grab above highs at 751.79 on 15m
  + ADX 40 with +DI leading on 15m
  + price above VWAP on 15m
  - candlesticks: shooting_star (15m)
  - price in premium of swing range 739.51–752.41 (position 0.75)
  + EMA stack: 1/3 timeframes bullish, 0 bearish
  + net buying pressure +0.08 on 15m
  + supertrend: 1d=bear, 4h=bull
  + RSI(14) = 53 on 15m
2026-07-26T01:19:37.860Z INFO     optionspilot.engine | SPY: long 15.7% | conservative | no trade
  gate: poor setup: confidence 15.7% < required 80% (conservative mode)
  passed: market structure (+0.70); momentum (+0.56); support/resistance (+0.15); trend strength (ADX) (+0.74)
  failed: trend alignment (-0.50); volume (+0.13); liquidity sweep (-1.00)
  + CHOCH up through 750.07 on 15m (5 bars ago)
  - higher-timeframe trend: 1d=down, 4h=range
  + MACD histogram +0.341 and rising on 15m
  - liquidity grab above highs at 751.79 on 15m
  + ADX 37 with +DI leading on 15m
  + price at unmitigated support (bullish FVG/OB) on 15m
  + price above VWAP on 15m
  - price in premium of swing range 739.51–752.41 (position 0.75)
  + EMA stack: 1/3 timeframes bullish, 0 bearish
  + net buying pressure +0.13 on 15m
  + RSI(14) = 57 on 15m
  + supertrend: 1d=bear, 4h=bull
2026-07-26T01:19:37.886Z INFO     optionspilot.engine | SPY: long 14.3% | conservative | no trade
  gate: poor setup: confidence 14.3% < required 80% (conservative mode)
  passed: market structure (+0.70); momentum (+0.71); trend strength (ADX) (+0.71)
  failed: trend alignment (-0.50); volume (+0.14); support/resistance (-0.50); liquidity sweep (-1.00)
  + CHOCH up through 750.07 on 15m (6 bars ago)
  - higher-timeframe trend: 1d=down, 4h=range
  + MACD histogram +0.411 and rising on 15m
  - liquidity grab above highs at 751.79 on 15m
  + ADX 35 with +DI leading on 15m
  + price above VWAP on 15m
  + RSI(14) = 61 on 15m
  - price in premium of swing range 739.51–752.41 (position 0.75)
  + EMA stack: 1/3 timeframes bullish, 0 bearish
  + net buying pressure +0.14 on 15m
  + supertrend: 1d=bear, 4h=bull
2026-07-26T01:19:37.913Z INFO     optionspilot.engine | SPY: long 17.7% | conservative | no trade
  gate: poor setup: confidence 17.7% < required 80% (conservative mode)
  passed: market structure (+0.70); volume (+0.18); momentum (+0.73); trend strength (ADX) (+0.68); candlestick confirmation (+0.60)
  failed: trend alignment (-0.50); support/resistance (-0.50); liquidity sweep (-1.00)
  + CHOCH up through 750.07 on 15m (7 bars ago)
  - higher-timeframe trend: 1d=down, 4h=range
  + MACD histogram +0.443 and rising on 15m
  - liquidity grab above highs at 751.79 on 15m
  + ADX 34 with +DI leading on 15m
  + price above VWAP on 15m
  + candlesticks: hammer (15m)
  + RSI(14) = 62 on 15m
  - price in premium of swing range 739.51–752.41 (position 0.75)
  + EMA stack: 1/3 timeframes bullish, 0 bearish
  + net buying pressure +0.18 on 15m
  + supertrend: 1d=bear, 4h=bull
2026-07-26T01:19:37.950Z INFO     optionspilot.engine | SPY: long 5.1% | conservative | no trade
  gate: poor setup: confidence 5.1% < required 80% (conservative mode)
  passed: market structure (+0.70); momentum (+0.20); trend strength (ADX) (+0.63)
  failed: trend alignment (-0.50); volume (+0.13); support/resistance (-0.50); liquidity sweep (-1.00)
  + CHOCH up through 750.07 on 15m (8 bars ago)
  - higher-timeframe trend: 1d=down, 4h=range
  - liquidity grab above highs at 751.79 on 15m
  + ADX 32 with +DI leading on 15m
  + price above VWAP on 15m
  + MACD histogram +0.373 and falling on 15m
  - price in premium of swing range 739.51–752.41 (position 0.75)
  + EMA stack: 1/3 timeframes bullish, 0 bearish
  + net buying pressure +0.13 on 15m
  + supertrend: 1d=bear, 4h=bull
  + RSI(14) = 53 on 15m
2026-07-26T01:19:38.004Z INFO     optionspilot.engine | SPY: short 0.3% | conservative | no trade
  gate: poor setup: confidence 0.3% < required 80% (conservative mode)
  passed: trend alignment (+0.50); support/resistance (+0.50); liquidity sweep (+1.00)
  failed: market structure (-0.70); volume (-0.15); momentum (-0.20); trend strength (ADX) (-0.59)
  - CHOCH up through 750.07 on 15m (9 bars ago)
  + higher-timeframe trend: 1d=down, 4h=range
  + liquidity grab above highs at 751.79 on 15m
  - EMA stack: 2/3 timeframes bullish, 0 bearish
  + price below VWAP on 15m
  - ADX 29 with +DI leading on 15m
  - MACD histogram +0.274 and falling on 15m
  + price in premium of swing range 739.51–752.41 (position 0.75)
  - net buying pressure +0.15 on 15m
  + supertrend: 1d=bear, 4h=bull
  + RSI(14) = 50 on 15m
2026-07-26T01:19:38.039Z INFO     optionspilot.engine | SPY: short 7.9% | conservative | no trade
  gate: poor setup: confidence 7.9% < required 80% (conservative mode)
  passed: trend alignment (+0.50); support/resistance (+0.50); trend strength (ADX) (+0.56); liquidity sweep (+1.00)
  failed: market structure (-0.70); volume (-0.18); momentum (-0.20)
  - CHOCH up through 750.07 on 15m (10 bars ago)
  + higher-timeframe trend: 1d=down, 4h=range
  + liquidity grab above highs at 751.79 on 15m
  - EMA stack: 2/3 timeframes bullish, 0 bearish
  + price below VWAP on 15m
  + ADX 28 with -DI leading on 15m
  - MACD histogram +0.171 and falling on 15m
  + price in premium of swing range 739.51–752.41 (position 0.75)
  - net buying pressure +0.18 on 15m
  + supertrend: 1d=bear, 4h=bull
  + RSI(14) = 47 on 15m
2026-07-26T01:19:38.090Z INFO     optionspilot.engine | SPY: short 6.9% | conservative | no trade
  gate: poor setup: confidence 6.9% < required 80% (conservative mode)
  passed: trend alignment (+0.50); support/resistance (+0.50); trend strength (ADX) (+0.53); liquidity sweep (+1.00)
  failed: market structure (-0.70); volume (-0.26); momentum (-0.20)
  - CHOCH up through 750.07 on 15m (11 bars ago)
  + higher-timeframe trend: 1d=down, 4h=range
  + liquidity grab above highs at 751.79 on 15m
  - EMA stack: 2/3 timeframes bullish, 0 bearish
  + price below VWAP on 15m
  + ADX 26 with -DI leading on 15m
  - MACD histogram +0.114 and falling on 15m
  + price in premium of swing range 739.51–752.41 (position 0.75)
  - net buying pressure +0.26 on 15m
  + supertrend: 1d=bear, 4h=bull
  + RSI(14) = 49 on 15m
2026-07-26T01:19:38.117Z INFO     optionspilot.engine | SPY: long 12.8% | conservative | no trade
  gate: poor setup: confidence 12.8% < required 80% (conservative mode)
  passed: market structure (+0.70); volume (+0.21); momentum (+0.50); trend strength (ADX) (+0.50)
  failed: trend alignment (-0.50); support/resistance (-0.50); liquidity sweep (-1.00)
  + CHOCH up through 750.07 on 15m (12 bars ago)
  - higher-timeframe trend: 1d=down, 4h=range
  + MACD histogram +0.116 and rising on 15m
  - liquidity grab above highs at 751.79 on 15m
  + EMA stack: 2/3 timeframes bullish, 0 bearish
  + price above VWAP on 15m
  - price in premium of swing range 739.51–752.41 (position 0.75)
  + ADX 25 with +DI leading on 15m
  + net buying pressure +0.21 on 15m
  + supertrend: 1d=bear, 4h=bull
  + RSI(14) = 53 on 15m
2026-07-26T01:19:38.153Z INFO     optionspilot.engine | SPY: long 5.5% | conservative | no trade
  gate: poor setup: confidence 5.5% < required 80% (conservative mode)
  passed: volume (+0.31); momentum (+0.52); trend strength (ADX) (+0.47)
  failed: trend alignment (-0.50); support/resistance (-0.50); liquidity sweep (-1.00)
  - higher-timeframe trend: 1d=down, 4h=range
  + MACD histogram +0.136 and rising on 15m
  - liquidity grab above highs at 751.79 on 15m
  + EMA stack: 2/3 timeframes bullish, 0 bearish
  + price above VWAP on 15m
  - price in premium of swing range 739.51–752.41 (position 0.75)
  + ADX 23 with +DI leading on 15m
  + net buying pressure +0.31 on 15m
  + RSI(14) = 55 on 15m
  + supertrend: 1d=bear, 4h=bull
2026-07-26T01:19:38.180Z INFO     optionspilot.engine | SPY: long 13.4% | conservative | no trade
  gate: poor setup: confidence 13.4% < required 80% (conservative mode)
  passed: momentum (+0.51); trend strength (ADX) (+0.45)
  failed: trend alignment (-0.50); volume (+0.14); support/resistance (-0.50)
  - higher-timeframe trend: 1d=down, 4h=range
  + MACD histogram +0.139 and rising on 15m
  + EMA stack: 2/3 timeframes bullish, 0 bearish
  + price above VWAP on 15m
  - price in premium of swing range 739.51–752.41 (position 0.75)
  + ADX 22 with +DI leading on 15m
  + net buying pressure +0.14 on 15m
  + RSI(14) = 55 on 15m
  + supertrend: 1d=bear, 4h=bull
2026-07-26T01:19:38.226Z INFO     optionspilot.engine | SPY: long 22.3% | conservative | no trade
  gate: poor setup: confidence 22.3% < required 80% (conservative mode)
  passed: momentum (+0.61); trend strength (ADX) (+0.44); candlestick confirmation (+0.60)
  failed: trend alignment (-0.50); volume (+0.15); support/resistance (-0.50)
  - higher-timeframe trend: 1d=down, 4h=range
  + EMA stack: 3/3 timeframes bullish, 0 bearish
  + MACD histogram +0.165 and rising on 15m
  + price above VWAP on 15m
  + candlesticks: bullish_engulfing (15m)
  - price in premium of swing range 739.51–752.41 (position 0.75)
  + ADX 22 with +DI leading on 15m
  + RSI(14) = 58 on 15m
  + net buying pressure +0.15 on 15m
  + supertrend: 1d=bear, 4h=bull
2026-07-26T01:19:38.258Z INFO     optionspilot.engine | SPY: long 11.3% | conservative | no trade
  gate: poor setup: confidence 11.3% < required 80% (conservative mode)
  passed: volume (+0.17); momentum (+0.23); trend strength (ADX) (+0.43)
  failed: trend alignment (-0.50); support/resistance (-0.50)
  - higher-timeframe trend: 1d=down, 4h=range
  + EMA stack: 3/3 timeframes bullish, 0 bearish
  + price above VWAP on 15m
  + MACD histogram +0.155 and falling on 15m
  - price in premium of swing range 739.51–752.41 (position 0.75)
  + ADX 22 with +DI leading on 15m
  + net buying pressure +0.17 on 15m
  + RSI(14) = 56 on 15m
  + supertrend: 1d=bear, 4h=bull
2026-07-26T01:19:38.283Z INFO     optionspilot.engine | SPY: long 12.2% | conservative | no trade
  gate: poor setup: confidence 12.2% < required 80% (conservative mode)
  passed: volume (+0.15); momentum (+0.29); trend strength (ADX) (+0.42)
  failed: trend alignment (-0.50); support/resistance (-0.50)
  - higher-timeframe trend: 1d=down, 4h=range
  + EMA stack: 3/3 timeframes bullish, 0 bearish
  + price above VWAP on 15m
  + MACD histogram +0.154 and falling on 15m
  - price in premium of swing range 739.51–752.41 (position 0.75)
  + ADX 21 with +DI leading on 15m
  + RSI(14) = 58 on 15m
  + net buying pressure +0.15 on 15m
  + supertrend: 1d=bear, 4h=bull
2026-07-26T01:19:38.310Z INFO     optionspilot.engine | SPY: long 11.1% | conservative | no trade
  gate: poor setup: confidence 11.1% < required 80% (conservative mode)
  passed: volume (+0.32); momentum (+0.66); trend strength (ADX) (+0.42)
  failed: trend alignment (-0.50); support/resistance (-0.50); liquidity sweep (-1.00)
  - higher-timeframe trend: 1d=down, 4h=range
  + EMA stack: 3/3 timeframes bullish, 0 bearish
  + MACD histogram +0.165 and rising on 15m
  - liquidity grab above highs at 752.61 on 15m
  + price above VWAP on 15m
  - price in premium of swing range 739.51–752.41 (position 0.75)
  + ADX 21 with +DI leading on 15m
  + RSI(14) = 60 on 15m
  + net buying pressure +0.32 on 15m
  + supertrend: 1d=bear, 4h=bull
2026-07-26T01:19:38.337Z INFO     optionspilot.engine | SPY: long 4.2% | conservative | no trade
  gate: poor setup: confidence 4.2% < required 80% (conservative mode)
  passed: volume (+0.26); momentum (+0.33); trend strength (ADX) (+0.42)
  failed: trend alignment (-0.50); support/resistance (-0.50); liquidity sweep (-1.00)
  - higher-timeframe trend: 1d=down, 4h=range
  + EMA stack: 3/3 timeframes bullish, 0 bearish
  - liquidity grab above highs at 752.61 on 15m
  + price above VWAP on 15m
  + MACD histogram +0.155 and falling on 15m
  - price in premium of swing range 739.51–752.41 (position 0.75)
  + ADX 21 with +DI leading on 15m
  + net buying pressure +0.26 on 15m
  + RSI(14) = 59 on 15m
  + supertrend: 1d=bear, 4h=bull
2026-07-26T01:19:38.372Z INFO     optionspilot.engine | SPY: short 2.4% | conservative | no trade
  gate: poor setup: confidence 2.4% < required 80% (conservative mode)
  passed: trend alignment (+0.50); support/resistance (+0.50); liquidity sweep (+1.00)
  failed: volume (-0.19); momentum (-0.20); trend strength (ADX) (-0.40)
  + higher-timeframe trend: 1d=down, 4h=range
  + liquidity grab above highs at 752.61 on 15m
  - EMA stack: 2/3 timeframes bullish, 0 bearish
  - price above VWAP on 15m
  - MACD histogram +0.108 and falling on 15m
  + price in premium of swing range 739.51–752.41 (position 0.75)
  - ADX 20 with +DI leading on 15m
  - net buying pressure +0.19 on 15m
  + supertrend: 1d=bear, 4h=bull
  + RSI(14) = 54 on 15m
2026-07-26T01:19:38.405Z INFO     optionspilot.engine | SPY: long 1.9% | conservative | no trade
  gate: poor setup: confidence 1.9% < required 80% (conservative mode)
  passed: volume (+0.45); momentum (+0.21)
  failed: trend alignment (-0.50); support/resistance (-0.50); trend strength (ADX) (+0.00); liquidity sweep (-1.00)
  - higher-timeframe trend: 1d=down, 4h=range
  + EMA stack: 3/3 timeframes bullish, 0 bearish
  - liquidity grab above highs at 752.61 on 15m
  + price above VWAP on 15m
  + elevated volume (1.8x average) confirming flow on 15m
  + MACD histogram +0.080 and falling on 15m
  - price in premium of swing range 739.51–752.41 (position 0.75)
  + net buying pressure +0.17 on 15m
  + RSI(14) = 55 on 15m
  + supertrend: 1d=bear, 4h=bull
  + ADX 19: no meaningful trend on 15m
2026-07-26T01:19:38.439Z INFO     optionspilot.engine | SPY: short 5.1% | conservative | no trade
  gate: poor setup: confidence 5.1% < required 80% (conservative mode)
  passed: trend alignment (+0.50); support/resistance (+0.50); liquidity sweep (+1.00)
  failed: volume (-0.22); momentum (-0.20); trend strength (ADX) (-0.00)
  + higher-timeframe trend: 1d=down, 4h=range
  + liquidity grab above highs at 752.61 on 15m
  - EMA stack: 2/3 timeframes bullish, 0 bearish
  - price above VWAP on 15m
  - MACD histogram +0.049 and falling on 15m
  + price in premium of swing range 739.51–752.41 (position 0.75)
  - net buying pressure +0.22 on 15m
  + supertrend: 1d=bear, 4h=bull
  + RSI(14) = 54 on 15m
  + ADX 18: no meaningful trend on 15m
2026-07-26T01:19:38.468Z INFO     optionspilot.engine | SPY: long 1.6% | conservative | no trade
  gate: poor setup: confidence 1.6% < required 80% (conservative mode)
  passed: volume (+0.41); momentum (+0.20)
  failed: trend alignment (-0.50); support/resistance (-0.50); trend strength (ADX) (+0.00); liquidity sweep (-1.00)
  - higher-timeframe trend: 1d=down, 4h=range
  + EMA stack: 3/3 timeframes bullish, 0 bearish
  - liquidity grab above highs at 752.61 on 15m
  + price above VWAP on 15m
  + MACD histogram +0.030 and falling on 15m
  - price in premium of swing range 739.51–752.41 (position 0.75)
  + elevated volume (1.5x average) confirming flow on 15m
  + net buying pressure +0.25 on 15m
  + RSI(14) = 55 on 15m
  + supertrend: 1d=bear, 4h=bull
  + ADX 18: no meaningful trend on 15m
2026-07-26T01:19:38.501Z INFO     optionspilot.engine | SPY: long 3.1% | conservative | no trade
  gate: poor setup: confidence 3.1% < required 80% (conservative mode)
  passed: volume (+0.45); momentum (+0.24)
  failed: trend alignment (-0.50); support/resistance (-0.50); trend strength (ADX) (+0.00); liquidity sweep (-1.00)
  - higher-timeframe trend: 1d=down, 4h=range
  + EMA stack: 3/3 timeframes bullish, 0 bearish
  - liquidity grab above highs at 752.61 on 15m
  + price above VWAP on 15m
  + MACD histogram +0.022 and falling on 15m
  - price in premium of swing range 739.51–752.41 (position 0.75)
  + elevated volume (1.5x average) confirming flow on 15m
  + net buying pressure +0.31 on 15m
  + RSI(14) = 56 on 15m
  + supertrend: 1d=bear, 4h=bull
  + ADX 17: no meaningful trend on 15m
2026-07-26T01:19:38.562Z INFO     optionspilot.engine | SPY: short 16.2% | conservative | no trade
  gate: average setup: confidence 16.2% < required 80% (conservative mode)
  passed: volume (+0.51); momentum (+0.50); support/resistance (+0.50); liquidity sweep (+1.00)
  failed: trend alignment (-0.00); trend strength (ADX) (-0.00)
  + MACD histogram -0.013 and falling on 15m
  + liquidity grab above highs at 752.61 on 15m
  - EMA stack: 2/3 timeframes bullish, 0 bearish
  + elevated volume (4.8x average) confirming flow on 15m
  - price above VWAP on 15m
  + price in premium of swing range 739.51–752.41 (position 0.75)
  + net selling pressure -0.02 on 15m
  + higher-timeframe trend: 1d=down, 4h=up
  + supertrend: 1d=bear, 4h=bull
  + RSI(14) = 52 on 15m
  + ADX 16: no meaningful trend on 15m
2026-07-26T01:19:38.636Z INFO     optionspilot.engine | SPY: long 20.7% | conservative | no trade
  gate: poor setup: confidence 20.7% < required 80% (conservative mode)
  passed: trend alignment (+0.50); market structure (+1.00); momentum (+0.94)
  failed: volume (-0.58); support/resistance (+0.13); trend strength (ADX) (+0.00); liquidity sweep (-1.00); candlestick confirmation (-0.60)
  + BOS up through 752.77 on 15m (0 bars ago)
  + higher-timeframe trend: 1d=range, 4h=up
  + EMA stack: 3/3 timeframes bullish, 0 bearish
  + MACD histogram +0.122 and rising on 15m
  - liquidity grab above highs at 752.61 on 15m
  + RSI(14) = 68 on 15m
  - elevated volume (2.9x average) confirming flow on 15m
  + price at unmitigated support (bullish FVG/OB) on 15m
  - price below VWAP on 15m
  - candlesticks: shooting_star (15m)
  - price in premium of swing range 739.51–755.42 (position 0.77)
  - net selling pressure -0.17 on 15m
  + supertrend: 1d=bear, 4h=bull
  + ADX 19: no meaningful trend on 15m
2026-07-26T01:19:38.679Z INFO     optionspilot.engine | SPY: long 29.5% | conservative | no trade
  gate: poor setup: confidence 29.5% < required 80% (conservative mode)
  passed: trend alignment (+0.50); market structure (+1.00); momentum (+0.96); candlestick confirmation (+1.00)
  failed: volume (-0.39); support/resistance (-0.55); trend strength (ADX) (+0.00); liquidity sweep (-1.00)
  + BOS up through 752.77 on 15m (1 bars ago)
  + higher-timeframe trend: 1d=range, 4h=up
  + EMA stack: 3/3 timeframes bullish, 0 bearish
  + MACD histogram +0.203 and rising on 15m
  + RSI(14) = 69 on 15m
  - liquidity grab above highs at 752.61 on 15m
  + candlesticks: hammer (15m), morning_star (15m)
  - price below VWAP on 15m
  - price in premium of swing range 739.51–755.42 (position 0.77)
  - elevated volume (1.7x average) confirming flow on 15m
  - net selling pressure -0.10 on 15m
  + supertrend: 1d=bear, 4h=bull
  + ADX 19: no meaningful trend on 15m
2026-07-26T01:19:38.707Z INFO     optionspilot.engine | SPY: long 40.3% | conservative | no trade
  gate: poor setup: confidence 40.3% < required 80% (conservative mode)
  passed: trend alignment (+0.50); market structure (+1.00); momentum (+1.00); trend strength (ADX) (+0.41)
  failed: volume (-0.32); support/resistance (-0.55); candlestick confirmation (-0.60)
  + BOS up through 752.77 on 15m (2 bars ago)
  + higher-timeframe trend: 1d=range, 4h=up
  + EMA stack: 3/3 timeframes bullish, 0 bearish
  + RSI(14) = 70 on 15m
  + MACD histogram +0.258 and rising on 15m
  + price above VWAP on 15m
  - candlesticks: shooting_star (15m)
  - price in premium of swing range 739.51–755.42 (position 0.77)
  + ADX 20 with +DI leading on 15m
  - elevated volume (1.3x average) confirming flow on 15m
  - net selling pressure -0.12 on 15m
  + supertrend: 1d=bear, 4h=bull
2026-07-26T01:19:38.750Z INFO     optionspilot.engine | SPY: long 45.8% | conservative | no trade
  gate: average setup: confidence 45.8% < required 80% (conservative mode)
  passed: trend alignment (+0.50); market structure (+1.00); momentum (+0.96); trend strength (ADX) (+0.40)
  failed: volume (-0.39); support/resistance (-0.55)
  + BOS up through 752.77 on 15m (3 bars ago)
  + higher-timeframe trend: 1d=range, 4h=up
  + EMA stack: 3/3 timeframes bullish, 0 bearish
  + MACD histogram +0.267 and rising on 15m
  + RSI(14) = 69 on 15m
  + price above VWAP on 15m
  - price in premium of swing range 739.51–755.42 (position 0.77)
  - elevated volume (1.7x average) confirming flow on 15m
  + ADX 20 with +DI leading on 15m
  - net selling pressure -0.11 on 15m
  + supertrend: 1d=bear, 4h=bull
2026-07-26T01:19:38.783Z INFO     optionspilot.engine | SPY: long 25.0% | conservative | no trade
  gate: average setup: confidence 25.0% < required 80% (conservative mode)
  passed: trend alignment (+0.50); market structure (+1.00); momentum (+0.30)
  failed: volume (-0.12); support/resistance (-0.55); trend strength (ADX) (+0.00)
  + BOS up through 752.77 on 15m (4 bars ago)
  + higher-timeframe trend: 1d=range, 4h=up
  + EMA stack: 2/3 timeframes bullish, 0 bearish
  - price below VWAP on 15m
  - price in premium of swing range 739.51–755.42 (position 0.77)
  + MACD histogram +0.184 and falling on 15m
  + RSI(14) = 58 on 15m
  - net selling pressure -0.12 on 15m
  + supertrend: 1d=bear, 4h=bull
  + ADX 19: no meaningful trend on 15m
2026-07-26T01:19:38.828Z INFO     optionspilot.engine | SPY: long 24.6% | conservative | no trade
  gate: average setup: confidence 24.6% < required 80% (conservative mode)
  passed: trend alignment (+0.50); market structure (+1.00); momentum (+0.28)
  failed: volume (-0.11); support/resistance (-0.55); trend strength (ADX) (+0.00)
  + BOS up through 752.77 on 15m (5 bars ago)
  + higher-timeframe trend: 1d=range, 4h=up
  + EMA stack: 2/3 timeframes bullish, 0 bearish
  - price below VWAP on 15m
  - price in premium of swing range 739.51–755.42 (position 0.77)
  + MACD histogram +0.113 and falling on 15m
  + RSI(14) = 57 on 15m
  - net selling pressure -0.11 on 15m
  + supertrend: 1d=bear, 4h=bull
  + ADX 19: no meaningful trend on 15m
2026-07-26T01:19:38.857Z INFO     optionspilot.engine | SPY: long 26.3% | conservative | no trade
  gate: average setup: confidence 26.3% < required 80% (conservative mode)
  passed: trend alignment (+0.50); market structure (+1.00); momentum (+0.20)
  failed: volume (-0.16); support/resistance (+0.13); trend strength (ADX) (+0.00)
  + BOS up through 752.77 on 15m (6 bars ago)
  + higher-timeframe trend: 1d=range, 4h=up
  + EMA stack: 2/3 timeframes bullish, 0 bearish
  + price at unmitigated support (bullish FVG/OB) on 15m
  - price below VWAP on 15m
  - price in premium of swing range 739.51–755.42 (position 0.77)
  + MACD histogram +0.037 and falling on 15m
  - net selling pressure -0.16 on 15m
  + supertrend: 1d=bear, 4h=bull
  + RSI(14) = 54 on 15m
  + ADX 18: no meaningful trend on 15m
2026-07-26T01:19:38.891Z INFO     optionspilot.engine | SPY: long 30.2% | conservative | no trade
  gate: average setup: confidence 30.2% < required 80% (conservative mode)
  passed: trend alignment (+0.50); market structure (+1.00); momentum (+0.29); candlestick confirmation (+0.60)
  failed: volume (-0.11); support/resistance (-0.55); trend strength (ADX) (+0.00)
  + BOS up through 752.77 on 15m (7 bars ago)
  + higher-timeframe trend: 1d=range, 4h=up
  + EMA stack: 3/3 timeframes bullish, 0 bearish
  - price below VWAP on 15m
  + candlesticks: bullish_engulfing (15m)
  - price in premium of swing range 739.51–755.42 (position 0.77)
  + MACD histogram +0.012 and falling on 15m
  + RSI(14) = 58 on 15m
  - net selling pressure -0.11 on 15m
  + supertrend: 1d=bear, 4h=bull
  + ADX 17: no meaningful trend on 15m
2026-07-26T01:19:38.920Z INFO     optionspilot.engine | SPY: long 10.3% | conservative | no trade
  gate: poor setup: confidence 10.3% < required 80% (conservative mode)
  passed: trend alignment (+0.50); market structure (+1.00)
  failed: volume (-0.12); momentum (-0.50); support/resistance (-0.55); trend strength (ADX) (+0.00)
  + BOS up through 752.77 on 15m (8 bars ago)
  + higher-timeframe trend: 1d=range, 4h=up
  - MACD histogram -0.039 and falling on 15m
  + EMA stack: 2/3 timeframes bullish, 0 bearish
  - price below VWAP on 15m
  - price in premium of swing range 739.51–755.42 (position 0.77)
  - net selling pressure -0.12 on 15m
  + supertrend: 1d=bear, 4h=bull
  + RSI(14) = 54 on 15m
  + ADX 16: no meaningful trend on 15m
2026-07-26T01:19:38.980Z INFO     optionspilot.engine | SPY: long 10.0% | conservative | no trade
  gate: poor setup: confidence 10.0% < required 80% (conservative mode)
  passed: trend alignment (+0.50); market structure (+1.00)
  failed: volume (-0.16); momentum (-0.50); support/resistance (-0.55); trend strength (ADX) (+0.00)
  + BOS up through 752.77 on 15m (9 bars ago)
  + higher-timeframe trend: 1d=range, 4h=up
  - MACD histogram -0.105 and falling on 15m
  + EMA stack: 2/3 timeframes bullish, 0 bearish
  - price below VWAP on 15m
  - price in premium of swing range 739.51–755.42 (position 0.77)
  - net selling pressure -0.16 on 15m
  + supertrend: 1d=bear, 4h=bull
  + RSI(14) = 50 on 15m
  + ADX 15: no meaningful trend on 15m
2026-07-26T01:19:39.015Z INFO     optionspilot.engine | SPY: short 17.1% | conservative | no trade
  gate: poor setup: confidence 17.1% < required 80% (conservative mode)
  passed: market structure (+0.70); volume (+0.21); momentum (+0.67); support/resistance (+0.55)
  failed: trend alignment (-0.50); trend strength (ADX) (-0.00)
  + CHOCH down through 752.20 on 15m (0 bars ago)
  - higher-timeframe trend: 1d=range, 4h=up
  + MACD histogram -0.239 and falling on 15m
  - EMA stack: 2/3 timeframes bullish, 0 bearish
  + price below VWAP on 15m
  + price in premium of swing range 739.51–755.42 (position 0.77)
  + RSI(14) = 40 on 15m
  + net selling pressure -0.21 on 15m
  + supertrend: 1d=bear, 4h=bull
  + ADX 16: no meaningful trend on 15m
2026-07-26T01:19:39.046Z INFO     optionspilot.engine | SPY: short 22.2% | conservative | no trade
  gate: poor setup: confidence 22.2% < required 80% (conservative mode)
  passed: market structure (+0.70); volume (+0.22); momentum (+0.75); support/resistance (+0.67)
  failed: trend alignment (-0.50); trend strength (ADX) (-0.00)
  + CHOCH down through 752.20 on 15m (1 bars ago)
  - higher-timeframe trend: 1d=range, 4h=up
  + MACD histogram -0.340 and falling on 15m
  - EMA stack: 2/3 timeframes bullish, 0 bearish
  + price at unmitigated resistance (bearish FVG/OB) on 15m
  + RSI(14) = 38 on 15m
  + price below VWAP on 15m
  + price in premium of swing range 739.51–755.42 (position 0.77)
  + net selling pressure -0.22 on 15m
  + supertrend: 1d=bear, 4h=bull
  + ADX 16: no meaningful trend on 15m
2026-07-26T01:19:39.084Z INFO     optionspilot.engine | SPY: short 22.0% | conservative | no trade
  gate: poor setup: confidence 22.0% < required 80% (conservative mode)
  passed: market structure (+0.70); volume (+0.25); momentum (+0.72); support/resistance (+0.67)
  failed: trend alignment (-0.50); trend strength (ADX) (-0.00)
  + CHOCH down through 752.20 on 15m (2 bars ago)
  - higher-timeframe trend: 1d=range, 4h=up
  + MACD histogram -0.384 and falling on 15m
  - EMA stack: 2/3 timeframes bullish, 0 bearish
  + price at unmitigated resistance (bearish FVG/OB) on 15m
  + price below VWAP on 15m
  + RSI(14) = 38 on 15m
  + price in premium of swing range 739.51–755.42 (position 0.77)
  + net selling pressure -0.25 on 15m
  + supertrend: 1d=bear, 4h=bull
  + ADX 17: no meaningful trend on 15m
2026-07-26T01:19:39.120Z INFO     optionspilot.engine | SPY: short 7.4% | conservative | no trade
  gate: poor setup: confidence 7.4% < required 80% (conservative mode)
  passed: market structure (+0.70); momentum (+0.20); support/resistance (+0.55)
  failed: trend alignment (-0.50); volume (+0.10); trend strength (ADX) (-0.00)
  + CHOCH down through 752.20 on 15m (3 bars ago)
  - higher-timeframe trend: 1d=range, 4h=up
  - EMA stack: 2/3 timeframes bullish, 0 bearish
  + price below VWAP on 15m
  + price in premium of swing range 739.51–755.42 (position 0.77)
  + MACD histogram -0.346 and rising on 15m
  + net selling pressure -0.10 on 15m
  + RSI(14) = 45 on 15m
  + supertrend: 1d=bear, 4h=bull
  + ADX 17: no meaningful trend on 15m
2026-07-26T01:19:39.155Z INFO     optionspilot.engine | SPY: short 5.2% | conservative | no trade
  gate: poor setup: confidence 5.2% < required 80% (conservative mode)
  passed: market structure (+0.70); momentum (+0.20); candlestick confirmation (+0.60)
  failed: trend alignment (-0.50); volume (+0.02); support/resistance (-0.13); trend strength (ADX) (-0.00)
  + CHOCH down through 752.20 on 15m (4 bars ago)
  - higher-timeframe trend: 1d=range, 4h=up
  - EMA stack: 2/3 timeframes bullish, 0 bearish
  - price at unmitigated support (bullish FVG/OB) on 15m
  + price below VWAP on 15m
  + candlesticks: shooting_star (15m)
  + price in premium of swing range 739.51–755.42 (position 0.77)
  + MACD histogram -0.297 and rising on 15m
  + net selling pressure -0.02 on 15m
  + supertrend: 1d=bear, 4h=bull
  + RSI(14) = 46 on 15m
  + ADX 16: no meaningful trend on 15m
2026-07-26T01:19:39.192Z INFO     optionspilot.engine | SPY: short 2.5% | conservative | no trade
  gate: poor setup: confidence 2.5% < required 80% (conservative mode)
  passed: market structure (+0.70); momentum (+0.20); support/resistance (+0.55)
  failed: trend alignment (-0.50); volume (+0.07); trend strength (ADX) (-0.00); candlestick confirmation (-0.60)
  + CHOCH down through 752.20 on 15m (5 bars ago)
  - higher-timeframe trend: 1d=range, 4h=up
  - EMA stack: 2/3 timeframes bullish, 0 bearish
  + price below VWAP on 15m
  - candlesticks: bullish_marubozu (15m)
  + price in premium of swing range 739.51–755.42 (position 0.77)
  + MACD histogram -0.189 and rising on 15m
  + net selling pressure -0.07 on 15m
  + supertrend: 1d=bear, 4h=bull
  + RSI(14) = 54 on 15m
  + ADX 15: no meaningful trend on 15m
2026-07-26T01:19:39.238Z INFO     optionspilot.engine | SPY: long 8.2% | conservative | no trade
  gate: poor setup: confidence 8.2% < required 80% (conservative mode)
  passed: trend alignment (+0.50)
  failed: market structure (-0.70); volume (+0.01); momentum (-0.14); support/resistance (+0.13); trend strength (ADX) (+0.00)
  - CHOCH down through 752.20 on 15m (6 bars ago)
  + higher-timeframe trend: 1d=range, 4h=up
  + EMA stack: 2/3 timeframes bullish, 0 bearish
  + price at unmitigated support (bullish FVG/OB) on 15m
  + price above VWAP on 15m
  - price in premium of swing range 739.51–755.42 (position 0.77)
  - MACD histogram -0.079 and rising on 15m
  + RSI(14) = 57 on 15m
  + net buying pressure +0.01 on 15m
  + supertrend: 1d=bear, 4h=bull
  + ADX 15: no meaningful trend on 15m
2026-07-26T01:19:39.265Z INFO     optionspilot.engine | SPY: long 22.6% | conservative | no trade
  gate: average setup: confidence 22.6% < required 80% (conservative mode)
  passed: trend alignment (+0.50); momentum (+0.73)
  failed: market structure (-0.70); volume (+0.02); support/resistance (-0.55); trend strength (ADX) (+0.00)
  - CHOCH down through 752.20 on 15m (7 bars ago)
  + higher-timeframe trend: 1d=range, 4h=up
  + EMA stack: 3/3 timeframes bullish, 0 bearish
  + MACD histogram +0.049 and rising on 15m
  + price above VWAP on 15m
  + RSI(14) = 62 on 15m
  - price in premium of swing range 739.51–755.42 (position 0.77)
  + net buying pressure +0.02 on 15m
  + supertrend: 1d=bear, 4h=bull
  + ADX 15: no meaningful trend on 15m
2026-07-26T01:19:39.302Z INFO     optionspilot.engine | SPY: long 27.6% | conservative | no trade
  gate: average setup: confidence 27.6% < required 80% (conservative mode)
  passed: trend alignment (+0.50); momentum (+0.79)
  failed: market structure (-0.70); volume (+0.07); support/resistance (+0.13); trend strength (ADX) (+0.00)
  - CHOCH down through 752.20 on 15m (8 bars ago)
  + higher-timeframe trend: 1d=range, 4h=up
  + EMA stack: 3/3 timeframes bullish, 0 bearish
  + MACD histogram +0.148 and rising on 15m
  + RSI(14) = 64 on 15m
  + price at unmitigated support (bullish FVG/OB) on 15m
  + price above VWAP on 15m
  - price in premium of swing range 739.51–755.42 (position 0.77)
  + net buying pressure +0.07 on 15m
  + supertrend: 1d=bear, 4h=bull
  + ADX 15: no meaningful trend on 15m
2026-07-26T01:19:39.331Z INFO     optionspilot.engine | SPY: long 27.9% | conservative | no trade
  gate: average setup: confidence 27.9% < required 80% (conservative mode)
  passed: trend alignment (+0.50); momentum (+0.80)
  failed: market structure (-0.70); volume (+0.08); support/resistance (+0.13); trend strength (ADX) (+0.00)
  - CHOCH down through 752.20 on 15m (9 bars ago)
  + higher-timeframe trend: 1d=range, 4h=up
  + EMA stack: 3/3 timeframes bullish, 0 bearish
  + MACD histogram +0.206 and rising on 15m
  + RSI(14) = 64 on 15m
  + price at unmitigated support (bullish FVG/OB) on 15m
  + price above VWAP on 15m
  - price in premium of swing range 739.51–755.42 (position 0.77)
  + net buying pressure +0.08 on 15m
  + supertrend: 1d=bear, 4h=bull
  + ADX 15: no meaningful trend on 15m
2026-07-26T01:19:39.371Z INFO     optionspilot.engine | SPY: long 7.6% | conservative | no trade
  gate: poor setup: confidence 7.6% < required 80% (conservative mode)
  passed: trend alignment (+0.50); momentum (+0.32)
  failed: market structure (-0.70); volume (+0.06); support/resistance (-0.55); trend strength (ADX) (+0.00); candlestick confirmation (-1.00)
  - CHOCH down through 752.20 on 15m (10 bars ago)
  + higher-timeframe trend: 1d=range, 4h=up
  + EMA stack: 3/3 timeframes bullish, 0 bearish
  - candlesticks: bearish_engulfing (15m), evening_star (15m)
  + price above VWAP on 15m
  - price in premium of swing range 739.51–755.42 (position 0.77)
  + MACD histogram +0.191 and falling on 15m
  + RSI(14) = 59 on 15m
  + net buying pressure +0.06 on 15m
  + supertrend: 1d=bear, 4h=bull
  + ADX 15: no meaningful trend on 15m
2026-07-26T01:19:39.407Z INFO     optionspilot.engine | SPY: long 4.9% | conservative | no trade
  gate: poor setup: confidence 4.9% < required 80% (conservative mode)
  passed: trend alignment (+0.50); momentum (+0.20)
  failed: market structure (-0.70); volume (-0.09); support/resistance (+0.13); trend strength (ADX) (+0.00)
  - CHOCH down through 752.20 on 15m (11 bars ago)
  + higher-timeframe trend: 1d=range, 4h=up
  + EMA stack: 2/3 timeframes bullish, 0 bearish
  + price at unmitigated support (bullish FVG/OB) on 15m
  - price below VWAP on 15m
  - price in premium of swing range 739.51–755.42 (position 0.77)
  + MACD histogram +0.116 and falling on 15m
  - net selling pressure -0.09 on 15m
  + supertrend: 1d=bear, 4h=bull
  + RSI(14) = 52 on 15m
  + ADX 14: no meaningful trend on 15m
2026-07-26T01:19:39.440Z INFO     optionspilot.engine | SPY: long 7.6% | conservative | no trade
  gate: poor setup: confidence 7.6% < required 80% (conservative mode)
  passed: trend alignment (+0.50); momentum (+0.23)
  failed: market structure (-0.70); volume (-0.00); support/resistance (-0.67); trend strength (ADX) (+0.00)
  - CHOCH down through 752.20 on 15m (12 bars ago)
  + higher-timeframe trend: 1d=range, 4h=up
  + EMA stack: 3/3 timeframes bullish, 0 bearish
  - price at unmitigated resistance (bearish FVG/OB) on 15m
  + price above VWAP on 15m
  - price in premium of swing range 739.51–755.42 (position 0.77)
  + MACD histogram +0.098 and falling on 15m
  + RSI(14) = 56 on 15m
  - net selling pressure -0.00 on 15m
  + supertrend: 1d=bear, 4h=bull
  + ADX 13: no meaningful trend on 15m
2026-07-26T01:19:39.477Z INFO     optionspilot.engine | SPY: long 28.9% | conservative | no trade
  gate: average setup: confidence 28.9% < required 80% (conservative mode)
  passed: trend alignment (+0.50); momentum (+0.20); candlestick confirmation (+0.60)
  failed: volume (+0.03); support/resistance (-0.55); trend strength (ADX) (+0.00)
  + higher-timeframe trend: 1d=range, 4h=up
  + EMA stack: 3/3 timeframes bullish, 0 bearish
  + price above VWAP on 15m
  + candlesticks: hammer (15m)
  - price in premium of swing range 739.51–755.42 (position 0.77)
  + MACD histogram +0.070 and falling on 15m
  + net buying pressure +0.03 on 15m
  + supertrend: 1d=bear, 4h=bull
  + RSI(14) = 55 on 15m
  + ADX 13: no meaningful trend on 15m
2026-07-26T01:19:39.504Z INFO     optionspilot.engine | SPY: long 33.1% | conservative | no trade
  gate: average setup: confidence 33.1% < required 80% (conservative mode)
  passed: trend alignment (+0.50); volume (+0.50); momentum (+0.59); candlestick confirmation (+0.60)
  failed: support/resistance (-0.67); trend strength (ADX) (+0.00)
  + higher-timeframe trend: 1d=range, 4h=up
  + EMA stack: 3/3 timeframes bullish, 0 bearish
  + MACD histogram +0.075 and rising on 15m
  - price at unmitigated resistance (bearish FVG/OB) on 15m
  + price above VWAP on 15m
  + candlesticks: bullish_engulfing (15m)
  + elevated volume (2.0x average) confirming flow on 15m
  - price in premium of swing range 739.51–755.42 (position 0.77)
  + net buying pressure +0.20 on 15m
  + RSI(14) = 58 on 15m
  + supertrend: 1d=bear, 4h=bull
  + ADX 12: no meaningful trend on 15m
2026-07-26T01:19:39.562Z INFO     optionspilot.engine | SPY: long 44.4% | conservative | no trade
  gate: good setup: confidence 44.4% < required 80% (conservative mode)
  passed: trend alignment (+0.50); volume (+0.69); momentum (+0.71)
  failed: support/resistance (-0.55); trend strength (ADX) (+0.00)
  + higher-timeframe trend: 1d=range, 4h=up
  + EMA stack: 3/3 timeframes bullish, 0 bearish
  + MACD histogram +0.112 and rising on 15m
  + elevated volume (4.0x average) confirming flow on 15m
  + price above VWAP on 15m
  - price in premium of swing range 739.51–755.42 (position 0.77)
  + RSI(14) = 61 on 15m
  + net buying pressure +0.38 on 15m
  + supertrend: 1d=bear, 4h=bull
  + ADX 12: no meaningful trend on 15m
2026-07-26T01:19:39.637Z INFO     optionspilot.engine | SPY: short 13.7% | conservative | no trade
  gate: poor setup: confidence 13.7% < required 80% (conservative mode)
  passed: market structure (+1.00); momentum (+0.66); support/resistance (+0.92)
  failed: trend alignment (-0.50); volume (-0.60); trend strength (ADX) (-0.00)
  + BOS down through 753.05 on 15m (0 bars ago)
  - higher-timeframe trend: 1d=range, 4h=up
  + MACD histogram -0.096 and falling on 15m
  + price in premium of swing range 739.51–755.42 (position 0.96)
  - EMA stack: 2/3 timeframes bullish, 0 bearish
  - elevated volume (2.5x average) confirming flow on 15m
  + price below VWAP on 15m
  + RSI(14) = 40 on 15m
  - net buying pressure +0.19 on 15m
  + supertrend: 1d=bear, 4h=bull
  + ADX 13: no meaningful trend on 15m
2026-07-26T01:19:39.666Z INFO     optionspilot.engine | SPY: short 12.8% | conservative | no trade
  gate: poor setup: confidence 12.8% < required 80% (conservative mode)
  passed: market structure (+1.00); momentum (+0.53); support/resistance (+0.86)
  failed: trend alignment (-0.50); volume (-0.22); trend strength (ADX) (-0.00)
  + BOS down through 753.05 on 15m (1 bars ago)
  - higher-timeframe trend: 1d=range, 4h=up
  + MACD histogram -0.183 and falling on 15m
  + price in premium of swing range 739.51–755.42 (position 0.96)
  - EMA stack: 2/3 timeframes bullish, 0 bearish
  + price at unmitigated resistance (bearish FVG/OB) on 15m
  - price above VWAP on 15m
  - net buying pressure +0.22 on 15m
  + RSI(14) = 44 on 15m
  + supertrend: 1d=bear, 4h=bull
  + ADX 13: no meaningful trend on 15m
2026-07-26T01:19:39.696Z INFO     optionspilot.engine | SPY: long 3.8% | conservative | no trade
  gate: poor setup: confidence 3.8% < required 80% (conservative mode)
  passed: trend alignment (+0.50); volume (+0.29); liquidity sweep (+1.00)
  failed: market structure (-1.00); momentum (-0.20); support/resistance (-0.86); trend strength (ADX) (+0.00)
  - BOS down through 753.05 on 15m (2 bars ago)
  + higher-timeframe trend: 1d=range, 4h=up
  + EMA stack: 3/3 timeframes bullish, 0 bearish
  + liquidity grab below lows at 753.05 on 15m
  - price in premium of swing range 739.51–755.42 (position 0.96)
  - price at unmitigated resistance (bearish FVG/OB) on 15m
  + price above VWAP on 15m
  - MACD histogram -0.138 and rising on 15m
  + net buying pressure +0.29 on 15m
  + supertrend: 1d=bear, 4h=bull
  + RSI(14) = 52 on 15m
  + ADX 13: no meaningful trend on 15m
2026-07-26T01:19:39.733Z INFO     optionspilot.engine | SPY: long 9.5% | conservative | no trade
  gate: poor setup: confidence 9.5% < required 80% (conservative mode)
  passed: trend alignment (+0.50); volume (+0.31); liquidity sweep (+1.00)
  failed: market structure (-1.00); momentum (-0.17); support/resistance (-0.92); trend strength (ADX) (+0.00)
  - BOS down through 753.05 on 15m (3 bars ago)
  + higher-timeframe trend: 1d=range, 4h=up
  + EMA stack: 3/3 timeframes bullish, 0 bearish
  + liquidity grab below lows at 753.05 on 15m
  - price in premium of swing range 739.51–755.42 (position 0.96)
  + price above VWAP on 15m
  - MACD histogram -0.041 and rising on 15m
  + net buying pressure +0.31 on 15m
  + RSI(14) = 56 on 15m
  + supertrend: 1d=bear, 4h=bull
  + ADX 12: no meaningful trend on 15m
2026-07-26T01:19:39.769Z INFO     optionspilot.engine | SPY: long 21.4% | conservative | no trade
  gate: average setup: confidence 21.4% < required 80% (conservative mode)
  passed: trend alignment (+0.50); volume (+0.31); momentum (+0.54); liquidity sweep (+1.00)
  failed: market structure (-1.00); support/resistance (-0.92); trend strength (ADX) (+0.00)
  - BOS down through 753.05 on 15m (4 bars ago)
  + higher-timeframe trend: 1d=range, 4h=up
  + EMA stack: 3/3 timeframes bullish, 0 bearish
  + MACD histogram +0.020 and rising on 15m
  + liquidity grab below lows at 753.05 on 15m
  - price in premium of swing range 739.51–755.42 (position 0.96)
  + price above VWAP on 15m
  + net buying pressure +0.31 on 15m
  + RSI(14) = 56 on 15m
  + supertrend: 1d=bear, 4h=bull
  + ADX 12: no meaningful trend on 15m
2026-07-26T01:19:39.806Z INFO     optionspilot.engine | SPY: long 15.6% | conservative | no trade
  gate: poor setup: confidence 15.6% < required 80% (conservative mode)
  passed: trend alignment (+0.50); volume (+0.31); momentum (+0.50); liquidity sweep (+1.00)
  failed: market structure (-1.00); support/resistance (-0.92); trend strength (ADX) (+0.00); candlestick confirmation (-0.60)
  - BOS down through 753.05 on 15m (5 bars ago)
  + higher-timeframe trend: 1d=range, 4h=up
  + EMA stack: 3/3 timeframes bullish, 0 bearish
  + MACD histogram +0.043 and rising on 15m
  + liquidity grab below lows at 753.05 on 15m
  - price in premium of swing range 739.51–755.42 (position 0.96)
  + price above VWAP on 15m
  - candlesticks: bearish_engulfing (15m)
  + net buying pressure +0.31 on 15m
  + supertrend: 1d=bear, 4h=bull
  + RSI(14) = 55 on 15m
  + ADX 11: no meaningful trend on 15m
2026-07-26T01:19:39.849Z INFO     optionspilot.engine | SPY: long 5.1% | conservative | no trade
  gate: poor setup: confidence 5.1% < required 80% (conservative mode)
  passed: trend alignment (+0.50); volume (+0.27); liquidity sweep (+1.00)
  failed: market structure (-1.00); momentum (-0.50); support/resistance (-0.06); trend strength (ADX) (+0.00)
  - BOS down through 753.05 on 15m (6 bars ago)
  + higher-timeframe trend: 1d=range, 4h=up
  - MACD histogram -0.002 and falling on 15m
  + liquidity grab below lows at 753.05 on 15m
  - price in premium of swing range 739.51–755.42 (position 0.96)
  + EMA stack: 2/3 timeframes bullish, 0 bearish
  + price at unmitigated support (bullish FVG/OB) on 15m
  + price above VWAP on 15m
  + net buying pressure +0.27 on 15m
  + supertrend: 1d=bear, 4h=bull
  + RSI(14) = 50 on 15m
  + ADX 10: no meaningful trend on 15m
2026-07-26T01:19:39.885Z INFO     optionspilot.engine | SPY: long 8.5% | conservative | no trade
  gate: poor setup: confidence 8.5% < required 80% (conservative mode)
  passed: trend alignment (+0.50); volume (+0.26); liquidity sweep (+1.00)
  failed: market structure (-1.00); momentum (-0.20); support/resistance (-0.92); trend strength (ADX) (+0.00)
  - BOS down through 753.05 on 15m (7 bars ago)
  + higher-timeframe trend: 1d=range, 4h=up
  + EMA stack: 3/3 timeframes bullish, 0 bearish
  + liquidity grab below lows at 753.05 on 15m
  - price in premium of swing range 739.51–755.42 (position 0.96)
  + price above VWAP on 15m
  - MACD histogram -0.002 and rising on 15m
  + net buying pressure +0.26 on 15m
  + supertrend: 1d=bear, 4h=bull
  + RSI(14) = 53 on 15m
  + ADX 10: no meaningful trend on 15m
2026-07-26T01:19:39.940Z INFO     optionspilot.engine | SPY: long 3.7% | conservative | no trade
  gate: poor setup: confidence 3.7% < required 80% (conservative mode)
  passed: trend alignment (+0.50); volume (+0.30); liquidity sweep (+1.00)
  failed: market structure (-1.00); momentum (-0.50); support/resistance (-0.92); trend strength (ADX) (+0.00)
  - BOS down through 753.05 on 15m (8 bars ago)
  + higher-timeframe trend: 1d=range, 4h=up
  + EMA stack: 3/3 timeframes bullish, 0 bearish
  - MACD histogram -0.013 and falling on 15m
  + liquidity grab below lows at 753.05 on 15m
  - price in premium of swing range 739.51–755.42 (position 0.96)
  + price above VWAP on 15m
  + net buying pressure +0.30 on 15m
  + supertrend: 1d=bear, 4h=bull
  + RSI(14) = 52 on 15m
  + ADX 9: no meaningful trend on 15m
2026-07-26T01:19:40.000Z INFO     optionspilot.engine | SPY: long 1.3% | conservative | no trade
  gate: poor setup: confidence 1.3% < required 80% (conservative mode)
  passed: trend alignment (+0.50); volume (+0.35); liquidity sweep (+1.00)
  failed: market structure (-1.00); momentum (-0.50); support/resistance (-0.92); trend strength (ADX) (+0.00)
  - BOS down through 753.05 on 15m (9 bars ago)
  + higher-timeframe trend: 1d=range, 4h=up
  - MACD histogram -0.027 and falling on 15m
  + liquidity grab below lows at 753.05 on 15m
  - price in premium of swing range 739.51–755.42 (position 0.96)
  + EMA stack: 2/3 timeframes bullish, 0 bearish
  + price above VWAP on 15m
  + net buying pressure +0.35 on 15m
  + supertrend: 1d=bear, 4h=bull
  + RSI(14) = 51 on 15m
  + ADX 9: no meaningful trend on 15m
2026-07-26T01:19:40.038Z INFO     optionspilot.engine | SPY: short 11.9% | conservative | no trade
  gate: poor setup: confidence 11.9% < required 80% (conservative mode)
  passed: market structure (+1.00); momentum (+0.57); support/resistance (+0.92); candlestick confirmation (+0.60)
  failed: trend alignment (-0.50); volume (-0.26); trend strength (ADX) (-0.00); liquidity sweep (-1.00)
  + BOS down through 752.98 on 15m (0 bars ago)
  - higher-timeframe trend: 1d=range, 4h=up
  + MACD histogram -0.135 and falling on 15m
  - liquidity grab below lows at 753.05 on 15m
  + price in premium of swing range 739.51–755.42 (position 0.96)
  - EMA stack: 2/3 timeframes bullish, 0 bearish
  + price below VWAP on 15m
  + candlesticks: bearish_marubozu (15m)
  - net buying pressure +0.26 on 15m
  + RSI(14) = 43 on 15m
  + supertrend: 1d=bear, 4h=bull
  + ADX 10: no meaningful trend on 15m
2026-07-26T01:19:40.071Z INFO     optionspilot.engine | SPY: short 13.1% | conservative | no trade
  gate: poor setup: confidence 13.1% < required 80% (conservative mode)
  passed: market structure (+1.00); momentum (+0.58); support/resistance (+0.86)
  failed: trend alignment (-0.50); volume (-0.24); trend strength (ADX) (-0.00); liquidity sweep (-1.00)
  + BOS down through 752.98 on 15m (1 bars ago)
  - higher-timeframe trend: 1d=range, 4h=up
  + MACD histogram -0.204 and falling on 15m
  - liquidity grab below lows at 753.05 on 15m
  + price in premium of swing range 739.51–755.42 (position 0.96)
  - EMA stack: 2/3 timeframes bullish, 0 bearish
  + price at unmitigated resistance (bearish FVG/OB) on 15m
  + price below VWAP on 15m
  - net buying pressure +0.24 on 15m
  + RSI(14) = 42 on 15m
  + supertrend: 1d=bear, 4h=bull
  + ADX 11: no meaningful trend on 15m
2026-07-26T01:19:40.107Z INFO     optionspilot.engine | SPY: short 22.4% | conservative | no trade
  gate: poor setup: confidence 22.4% < required 80% (conservative mode)
  passed: market structure (+1.00); momentum (+0.57); support/resistance (+0.86)
  failed: trend alignment (-0.50); volume (-0.16); trend strength (ADX) (-0.00)
  + BOS down through 752.98 on 15m (2 bars ago)
  - higher-timeframe trend: 1d=range, 4h=up
  + MACD histogram -0.236 and falling on 15m
  + price in premium of swing range 739.51–755.42 (position 0.96)
  - EMA stack: 2/3 timeframes bullish, 0 bearish
  + price at unmitigated resistance (bearish FVG/OB) on 15m
  + price below VWAP on 15m
  - net buying pressure +0.16 on 15m
  + RSI(14) = 43 on 15m
  + supertrend: 1d=bear, 4h=bull
  + ADX 12: no meaningful trend on 15m
2026-07-26T01:19:40.177Z INFO     optionspilot.engine | SPY: long 11.6% | conservative | no trade
  gate: poor setup: confidence 11.6% < required 80% (conservative mode)
  passed: trend alignment (+0.50); market structure (+0.70)
  failed: volume (+0.01); momentum (-0.20); support/resistance (-0.86); trend strength (ADX) (+0.00)
  + CHOCH up through 752.54 on 5m (1 bars ago)
  + higher-timeframe trend: 1d=range, 4h=up
  - price in premium of swing range 739.51–755.42 (position 0.96)
  - price at unmitigated resistance (bearish FVG/OB) on 15m
  + EMA stack: 2/4 timeframes bullish, 0 bearish
  + price above VWAP on 15m
  - MACD histogram -0.188 and rising on 15m
  + net buying pressure +0.01 on 15m
  + supertrend: 1d=bear, 4h=bull
  + RSI(14) = 49 on 15m
  + ADX 12: no meaningful trend on 15m
2026-07-26T01:19:40.245Z INFO     optionspilot.engine | SPY: short 21.2% | conservative | no trade
  gate: poor setup: confidence 21.2% < required 80% (conservative mode)
  passed: market structure (+1.00); momentum (+0.50); support/resistance (+0.92)
  failed: trend alignment (-0.50); volume (-0.17); trend strength (ADX) (-0.00)
  + BOS down through 752.98 on 15m (4 bars ago)
  - higher-timeframe trend: 1d=range, 4h=up
  + MACD histogram -0.191 and falling on 15m
  + price in premium of swing range 739.51–755.42 (position 0.96)
  + price below VWAP on 15m
  - EMA stack: 2/4 timeframes bullish, 1 bearish
  - net buying pressure +0.17 on 15m
  + RSI(14) = 45 on 15m
  + supertrend: 1d=bear, 4h=bull
  + ADX 13: no meaningful trend on 15m
2026-07-26T01:19:40.309Z INFO     optionspilot.engine | SPY: short 13.0% | conservative | no trade
  gate: poor setup: confidence 13.0% < required 80% (conservative mode)
  passed: market structure (+1.00); momentum (+0.20); support/resistance (+0.86)
  failed: trend alignment (-0.50); volume (-0.16); trend strength (ADX) (-0.00); no consolidation (-0.50)
  + BOS down through 752.98 on 15m (5 bars ago)
  - higher-timeframe trend: 1d=range, 4h=up
  + price in premium of swing range 739.51–755.42 (position 0.96)
  + price at unmitigated resistance (bearish FVG/OB) on 15m
  - EMA stack: 2/4 timeframes bullish, 0 bearish
  + price below VWAP on 15m
  + MACD histogram -0.150 and rising on 15m
  - net buying pressure +0.16 on 15m
  + supertrend: 1d=bear, 4h=bull
  + RSI(14) = 48 on 15m
  + ADX 13: no meaningful trend on 15m
  - entry timeframe is consolidating — confidence damped 25%
2026-07-26T01:19:40.375Z INFO     optionspilot.engine | SPY: short 17.9% | conservative | no trade
  gate: poor setup: confidence 17.9% < required 80% (conservative mode)
  passed: market structure (+1.00); momentum (+0.62); support/resistance (+0.92); candlestick confirmation (+0.60)
  failed: trend alignment (-0.50); volume (-0.03); trend strength (ADX) (-0.00); liquidity sweep (-1.00)
  + BOS down through 751.45 on 15m (0 bars ago)
  - higher-timeframe trend: 1d=range, 4h=up
  + MACD histogram -0.199 and falling on 15m
  - liquidity grab below lows at 751.59 on 5m
  + price in premium of swing range 739.51–755.42 (position 0.96)
  + price below VWAP on 15m
  + candlesticks: bearish_engulfing (15m)
  - EMA stack: 2/4 timeframes bullish, 1 bearish
  + RSI(14) = 42 on 15m
  - net buying pressure +0.03 on 15m
  + supertrend: 1d=bear, 4h=bull
  + ADX 14: no meaningful trend on 15m
2026-07-26T01:19:40.452Z INFO     optionspilot.engine | SPY: short 18.4% | conservative | no trade
  gate: poor setup: confidence 18.4% < required 80% (conservative mode)
  passed: market structure (+1.00); momentum (+0.63); support/resistance (+0.92)
  failed: trend alignment (-0.50); volume (+0.09); trend strength (ADX) (-0.00); liquidity sweep (-1.00)
  + BOS down through 751.45 on 15m (1 bars ago)
  - higher-timeframe trend: 1d=range, 4h=up
  + MACD histogram -0.225 and falling on 15m
  - liquidity grab below lows at 751.59 on 5m
  + price in premium of swing range 739.51–755.42 (position 0.96)
  + price below VWAP on 15m
  + RSI(14) = 41 on 15m
  + net selling pressure -0.09 on 15m
  + supertrend: 1d=bear, 4h=bull
  + EMA stack: 2/4 timeframes bullish, 2 bearish
  + ADX 15: no meaningful trend on 15m
2026-07-26T01:19:40.505Z INFO     optionspilot.engine | SPY: short 14.2% | conservative | no trade
  gate: poor setup: confidence 14.2% < required 80% (conservative mode)
  passed: market structure (+1.00); volume (+0.18); momentum (+0.73); support/resistance (+0.92); candlestick confirmation (+0.60)
  failed: trend alignment (-0.50); trend strength (ADX) (-0.00); no opposing divergence (-1.00); liquidity sweep (-1.00)
  + BOS down through 751.45 on 15m (2 bars ago)
  - higher-timeframe trend: 1d=range, 4h=up
  + MACD histogram -0.266 and falling on 15m
  - bullish price/OBV divergence on 15m
  - liquidity grab below lows at 751.59 on 5m
  + price in premium of swing range 739.51–755.42 (position 0.96)
  + price below VWAP on 15m
  + candlesticks: shooting_star (5m)
  + RSI(14) = 38 on 15m
  + net selling pressure -0.18 on 15m
  + supertrend: 1d=bear, 4h=bull
  + EMA stack: 2/4 timeframes bullish, 2 bearish
  + ADX 17: no meaningful trend on 15m
2026-07-26T01:19:40.566Z INFO     optionspilot.engine | SPY: short 9.5% | conservative | no trade
  gate: poor setup: confidence 9.5% < required 80% (conservative mode)
  passed: market structure (+1.00); volume (+0.23); momentum (+0.38); support/resistance (+0.92); candlestick confirmation (+0.60)
  failed: trend alignment (-0.50); trend strength (ADX) (-0.00); no opposing divergence (-1.00); liquidity sweep (-1.00)
  + BOS down through 751.45 on 15m (3 bars ago)
  - higher-timeframe trend: 1d=range, 4h=up
  - bullish price/OBV divergence on 15m
  - liquidity grab below lows at 751.08 on 5m
  + price in premium of swing range 739.51–755.42 (position 0.96)
  + price below VWAP on 15m
  + candlesticks: bearish_engulfing (5m)
  + MACD histogram -0.264 and rising on 15m
  + RSI(14) = 40 on 15m
  + net selling pressure -0.23 on 15m
  + supertrend: 1d=bear, 4h=bull
  + EMA stack: 2/4 timeframes bullish, 2 bearish
  + ADX 18: no meaningful trend on 15m
2026-07-26T01:19:40.622Z INFO     optionspilot.engine | SPY: short 14.4% | conservative | no trade
  gate: poor setup: confidence 14.4% < required 80% (conservative mode)
  passed: market structure (+1.00); volume (+0.18); momentum (+0.74); support/resistance (+0.92); candlestick confirmation (+0.60)
  failed: trend alignment (-0.50); trend strength (ADX) (-0.00); no opposing divergence (-1.00); liquidity sweep (-1.00)
  + BOS down through 751.45 on 15m (4 bars ago)
  - higher-timeframe trend: 1d=range, 4h=up
  + MACD histogram -0.271 and falling on 15m
  - bullish price/OBV divergence on 15m
  - liquidity grab below lows at 751.08 on 5m
  + price in premium of swing range 739.51–755.42 (position 0.96)
  + RSI(14) = 38 on 15m
  + price below VWAP on 15m
  + candlesticks: bearish_engulfing (15m)
  + net selling pressure -0.18 on 15m
  + supertrend: 1d=bear, 4h=bull
  + EMA stack: 2/4 timeframes bullish, 2 bearish
  + ADX 20: no meaningful trend on 15m
2026-07-26T01:19:40.677Z INFO     optionspilot.engine | SPY: short 15.4% | conservative | no trade
  gate: poor setup: confidence 15.4% < required 80% (conservative mode)
  passed: market structure (+1.00); volume (+0.24); momentum (+0.79); support/resistance (+0.92); trend strength (ADX) (+0.42)
  failed: trend alignment (-0.50); no opposing divergence (-1.00); liquidity sweep (-1.00)
  + BOS down through 751.45 on 15m (5 bars ago)
  - higher-timeframe trend: 1d=range, 4h=up
  + MACD histogram -0.277 and falling on 15m
  - bullish price/OBV divergence on 15m
  - liquidity grab below lows at 751.08 on 5m
  + price in premium of swing range 739.51–755.42 (position 0.96)
  + RSI(14) = 36 on 15m
  + price below VWAP on 15m
  + ADX 21 with -DI leading on 15m
  + net selling pressure -0.24 on 15m
  + supertrend: 1d=bear, 4h=bull
  + EMA stack: 2/4 timeframes bullish, 2 bearish
2026-07-26T01:19:40.741Z INFO     optionspilot.engine | SPY: short 25.9% | conservative | no trade
  gate: poor setup: confidence 25.9% < required 80% (conservative mode)
  passed: market structure (+1.00); volume (+0.27); momentum (+0.87); support/resistance (+0.92); trend strength (ADX) (+0.45)
  failed: trend alignment (-0.50); no opposing divergence (-1.00)
  + BOS down through 749.92 on 5m (1 bars ago)
  - higher-timeframe trend: 1d=range, 4h=up
  + MACD histogram -0.293 and falling on 15m
  - bullish price/OBV divergence on 15m
  + price in premium of swing range 739.51–755.42 (position 0.96)
  + RSI(14) = 34 on 15m
  + price below VWAP on 15m
  + ADX 23 with -DI leading on 15m
  + net selling pressure -0.27 on 15m
  + supertrend: 1d=bear, 4h=bull
  + EMA stack: 2/4 timeframes bullish, 2 bearish
2026-07-26T01:19:40.789Z INFO     optionspilot.engine | SPY: short 42.6% | conservative | no trade
  gate: poor setup: confidence 42.6% < required 80% (conservative mode)
  passed: market structure (+1.00); volume (+0.61); momentum (+0.96); support/resistance (+0.92); trend strength (ADX) (+0.49)
  failed: trend alignment (-0.50)
  + BOS down through 749.92 on 5m (4 bars ago)
  - higher-timeframe trend: 1d=range, 4h=up
  + MACD histogram -0.325 and falling on 15m
  + RSI(14) = 31 on 15m
  + price in premium of swing range 739.51–755.42 (position 0.96)
  + elevated volume (2.2x average) confirming flow on 15m
  + price below VWAP on 15m
  + ADX 25 with -DI leading on 15m
  + net selling pressure -0.33 on 15m
  + supertrend: 1d=bear, 4h=bull
  + EMA stack: 2/4 timeframes bullish, 2 bearish
2026-07-26T01:19:40.847Z INFO     optionspilot.engine | SPY: short 44.3% | conservative | no trade
  gate: poor setup: confidence 44.3% < required 80% (conservative mode)
  passed: market structure (+1.00); volume (+0.68); momentum (+1.00); support/resistance (+0.92); trend strength (ADX) (+0.53)
  failed: trend alignment (-0.50)
  + BOS down through 749.92 on 5m (7 bars ago)
  - higher-timeframe trend: 1d=range, 4h=up
  + RSI(14) = 29 on 15m
  + MACD histogram -0.360 and falling on 15m
  + price in premium of swing range 739.51–755.42 (position 0.96)
  + elevated volume (3.0x average) confirming flow on 15m
  + price below VWAP on 15m
  + ADX 27 with -DI leading on 15m
  + net selling pressure -0.35 on 15m
  + supertrend: 1d=bear, 4h=bull
  + EMA stack: 2/4 timeframes bullish, 2 bearish
2026-07-26T01:19:40.941Z INFO     optionspilot.engine | SPY: long 17.2% | conservative | no trade
  gate: poor setup: confidence 17.2% < required 80% (conservative mode)
  passed: trend alignment (+0.50); market structure (+0.70); volume (+0.51); liquidity sweep (+1.00); candlestick confirmation (+0.60)
  failed: momentum (-0.20); support/resistance (-0.92); trend strength (ADX) (-0.52)
  + CHOCH up through 750.01 on 5m (0 bars ago)
  + higher-timeframe trend: 1d=range, 4h=up
  + liquidity grab below lows at 749.92 on 5m
  - price in premium of swing range 739.51–755.42 (position 0.96)
  + elevated volume (6.8x average) confirming flow on 15m
  - price below VWAP on 15m
  + candlesticks: bullish_engulfing (15m)
  - ADX 26 with -DI leading on 15m
  - MACD histogram -0.215 and rising on 15m
  + EMA stack: 1/4 timeframes bullish, 0 bearish
  + net buying pressure +0.02 on 15m
  + supertrend: 1d=bear, 4h=bull
  + RSI(14) = 46 on 15m
2026-07-26T01:19:41.062Z INFO     optionspilot.engine | SPY: short 24.1% | conservative | no trade
  gate: poor setup: confidence 24.1% < required 80% (conservative mode)
  passed: market structure (+0.70); volume (+0.57); momentum (+0.65); support/resistance (+0.41); trend strength (ADX) (+0.56); candlestick confirmation (+0.60)
  failed: trend alignment (-0.50); liquidity sweep (-1.00)
  + CHOCH down through 747.88 on 5m (2 bars ago)
  - higher-timeframe trend: 1d=range, 4h=up
  + MACD histogram -0.726 and falling on 15m
  - liquidity grab below lows at 749.92 on 5m
  + elevated volume (4.8x average) confirming flow on 15m
  + price below VWAP on 15m
  + candlesticks: shooting_star (5m)
  + ADX 28 with -DI leading on 15m
  + price in premium of swing range 739.51–755.42 (position 0.70)
  + RSI(14) = 22 on 15m
  + EMA stack: 1/4 timeframes bullish, 2 bearish
  + net selling pressure -0.15 on 15m
  + supertrend: 1d=bear, 4h=bull
2026-07-26T01:19:41.118Z INFO     optionspilot.engine | SPY: short 8.9% | conservative | no trade
  gate: poor setup: confidence 8.9% < required 80% (conservative mode)
  passed: market structure (+0.70); volume (+0.31); momentum (+0.81); support/resistance (+0.60); trend strength (ADX) (+0.57)
  failed: trend alignment (-0.50); liquidity sweep (-1.00); candlestick confirmation (-1.00)
  + CHOCH down through 747.88 on 5m (5 bars ago)
  - higher-timeframe trend: 1d=range, 4h=up
  + MACD histogram -0.760 and falling on 15m
  - liquidity grab below lows at 749.92 on 5m
  - candlesticks: bullish_marubozu (15m), three_white_soldiers (5m)
  + RSI(14) = 36 on 15m
  + price at unmitigated resistance (bearish FVG/OB) on 15m
  - price above VWAP on 15m
  + ADX 29 with -DI leading on 15m
  + price in premium of swing range 739.51–755.42 (position 0.70)
  + elevated volume (1.3x average) confirming flow on 15m
  + net selling pressure -0.09 on 15m
  + supertrend: 1d=bear, 4h=bull
  + EMA stack: 1/4 timeframes bullish, 1 bearish
2026-07-26T01:19:41.194Z INFO     optionspilot.engine | SPY: short 12.1% | conservative | no trade
  gate: poor setup: confidence 12.1% < required 80% (conservative mode)
  passed: market structure (+0.70); volume (+0.26); momentum (+0.36); support/resistance (+0.41); trend strength (ADX) (+0.56)
  failed: trend alignment (-0.50)
  + CHOCH down through 747.88 on 5m (8 bars ago)
  - higher-timeframe trend: 1d=range, 4h=up
  - price above VWAP on 15m
  + ADX 28 with -DI leading on 15m
  + MACD histogram -0.638 and rising on 15m
  + price in premium of swing range 739.51–755.42 (position 0.70)
  + RSI(14) = 40 on 15m
  + elevated volume (1.2x average) confirming flow on 15m
  + net selling pressure -0.04 on 15m
  + supertrend: 1d=bear, 4h=bull
  + EMA stack: 1/4 timeframes bullish, 1 bearish
2026-07-26T01:19:41.247Z INFO     optionspilot.engine | SPY: short 14.3% | conservative | no trade
  gate: poor setup: confidence 14.3% < required 80% (conservative mode)
  passed: market structure (+0.70); volume (+0.44); momentum (+0.35); trend strength (ADX) (+0.54); candlestick confirmation (+1.00)
  failed: trend alignment (-0.50); support/resistance (-0.20)
  + CHOCH down through 747.88 on 5m (11 bars ago)
  - higher-timeframe trend: 1d=range, 4h=up
  + candlesticks: shooting_star (15m), bearish_engulfing (5m)
  - price at unmitigated support (bullish FVG/OB) on 15m
  - price above VWAP on 15m
  + elevated volume (1.9x average) confirming flow on 15m
  + ADX 27 with -DI leading on 15m
  + MACD histogram -0.513 and rising on 15m
  + price in premium of swing range 739.51–755.42 (position 0.70)
  + RSI(14) = 40 on 15m
  + net selling pressure -0.13 on 15m
  + supertrend: 1d=bear, 4h=bull
  + EMA stack: 1/4 timeframes bullish, 1 bearish
2026-07-26T01:19:41.305Z INFO     optionspilot.engine | SPY: short 8.8% | conservative | no trade
  gate: poor setup: confidence 8.8% < required 80% (conservative mode)
  passed: momentum (+0.38); support/resistance (+0.41); trend strength (ADX) (+0.53); candlestick confirmation (+0.60)
  failed: trend alignment (-0.50); volume (+0.13)
  - higher-timeframe trend: 1d=range, 4h=up
  - price above VWAP on 15m
  + candlesticks: bearish_engulfing (15m)
  + ADX 27 with -DI leading on 15m
  + MACD histogram -0.425 and rising on 15m
  + RSI(14) = 39 on 15m
  + price in premium of swing range 739.51–755.42 (position 0.70)
  + EMA stack: 1/4 timeframes bullish, 2 bearish
  + net selling pressure -0.13 on 15m
  + supertrend: 1d=bear, 4h=bull
2026-07-26T01:19:41.382Z INFO     optionspilot.engine | SPY: short 4.8% | conservative | no trade
  gate: poor setup: confidence 4.8% < required 80% (conservative mode)
  passed: market structure (+1.00); momentum (+0.45); trend strength (ADX) (+0.52)
  failed: trend alignment (-0.50); volume (+0.15); support/resistance (-0.20); liquidity sweep (-1.00)
  + BOS down through 745.60 on 5m (1 bars ago)
  - higher-timeframe trend: 1d=range, 4h=up
  - liquidity grab below lows at 745.60 on 5m
  - price at unmitigated support (bullish FVG/OB) on 15m
  + RSI(14) = 38 on 15m
  - price above VWAP on 15m
  + ADX 26 with -DI leading on 15m
  + MACD histogram -0.387 and rising on 15m
  + price in premium of swing range 739.51–755.42 (position 0.70)
  + EMA stack: 1/4 timeframes bullish, 2 bearish
  + net selling pressure -0.15 on 15m
  + supertrend: 1d=bear, 4h=bull
2026-07-26T01:19:41.453Z INFO     optionspilot.engine | SPY: short 10.8% | conservative | no trade
  gate: poor setup: confidence 10.8% < required 80% (conservative mode)
  passed: market structure (+1.00); volume (+0.16); momentum (+0.50); support/resistance (+0.41); trend strength (ADX) (+0.53)
  failed: trend alignment (-0.50); liquidity sweep (-1.00)
  + BOS down through 745.60 on 5m (4 bars ago)
  - higher-timeframe trend: 1d=range, 4h=up
  - liquidity grab below lows at 745.60 on 5m
  + RSI(14) = 36 on 15m
  - price above VWAP on 15m
  + ADX 26 with -DI leading on 15m
  + MACD histogram -0.375 and rising on 15m
  + price in premium of swing range 739.51–755.42 (position 0.70)
  + EMA stack: 1/4 timeframes bullish, 2 bearish
  + net selling pressure -0.16 on 15m
  + supertrend: 1d=bear, 4h=bull
2026-07-26T01:19:41.520Z INFO     optionspilot.engine | SPY: short 10.1% | conservative | no trade
  gate: poor setup: confidence 10.1% < required 80% (conservative mode)
  passed: market structure (+1.00); momentum (+0.36); support/resistance (+0.60); trend strength (ADX) (+0.52)
  failed: trend alignment (-0.50); volume (+0.12); liquidity sweep (-1.00)
  + BOS down through 745.60 on 5m (7 bars ago)
  - higher-timeframe trend: 1d=range, 4h=up
  - liquidity grab below lows at 745.60 on 5m
  + price at unmitigated resistance (bearish FVG/OB) on 15m
  - price above VWAP on 15m
  + ADX 26 with -DI leading on 15m
  + MACD histogram -0.261 and rising on 15m
  + price in premium of swing range 739.51–755.42 (position 0.70)
  + RSI(14) = 40 on 15m
  + net selling pressure -0.12 on 15m
  + supertrend: 1d=bear, 4h=bull
  + EMA stack: 1/4 timeframes bullish, 1 bearish
2026-07-26T01:19:41.605Z INFO     optionspilot.engine | SPY: short 18.4% | conservative | no trade
  gate: poor setup: confidence 18.4% < required 80% (conservative mode)
  passed: market structure (+1.00); momentum (+0.35); support/resistance (+0.60); trend strength (ADX) (+0.51)
  failed: trend alignment (-0.50); volume (+0.11)
  + BOS down through 745.60 on 5m (10 bars ago)
  - higher-timeframe trend: 1d=range, 4h=up
  + price at unmitigated resistance (bearish FVG/OB) on 15m
  - price above VWAP on 15m
  + ADX 26 with -DI leading on 15m
  + MACD histogram -0.157 and rising on 15m
  + price in premium of swing range 739.51–755.42 (position 0.70)
  + RSI(14) = 40 on 15m
  + net selling pressure -0.11 on 15m
  + supertrend: 1d=bear, 4h=bull
  + EMA stack: 1/4 timeframes bullish, 1 bearish
2026-07-26T01:19:41.707Z INFO     optionspilot.engine | SPY: long 20.7% | conservative | no trade
  gate: average setup: confidence 20.7% < required 80% (conservative mode)
  passed: trend alignment (+0.50); momentum (+0.50)
  failed: volume (-0.06); support/resistance (-0.41); trend strength (ADX) (-0.49)
  + higher-timeframe trend: 1d=range, 4h=up
  + MACD histogram +0.020 and rising on 15m
  + price above VWAP on 15m
  - ADX 25 with -DI leading on 15m
  - price in premium of swing range 739.51–755.42 (position 0.70)
  + EMA stack: 1/4 timeframes bullish, 0 bearish
  - net selling pressure -0.06 on 15m
  + supertrend: 1d=bear, 4h=bull
  + RSI(14) = 45 on 15m
2026-07-26T01:19:41.775Z INFO     optionspilot.engine | SPY: long 18.6% | conservative | no trade
  gate: poor setup: confidence 18.6% < required 80% (conservative mode)
  passed: trend alignment (+0.50); momentum (+0.46); candlestick confirmation (+0.60)
  failed: volume (-0.33); support/resistance (-0.41); trend strength (ADX) (-0.47)
  + higher-timeframe trend: 1d=range, 4h=up
  + MACD histogram +0.108 and rising on 15m
  + price above VWAP on 15m
  + candlesticks: hammer (15m)
  - elevated volume (1.6x average) confirming flow on 15m
  - ADX 23 with -DI leading on 15m
  - price in premium of swing range 739.51–755.42 (position 0.70)
  + EMA stack: 1/4 timeframes bullish, 0 bearish
  - RSI(14) = 44 on 15m
  - net selling pressure -0.02 on 15m
  + supertrend: 1d=bear, 4h=bull
2026-07-26T01:19:41.839Z INFO     optionspilot.engine | SPY: long 17.7% | conservative | no trade
  gate: average setup: confidence 17.7% < required 80% (conservative mode)
  passed: trend alignment (+0.50); momentum (+0.42)
  failed: volume (+0.02); support/resistance (-0.41); trend strength (ADX) (-0.45)
  + higher-timeframe trend: 1d=range, 4h=up
  + MACD histogram +0.152 and rising on 15m
  + price above VWAP on 15m
  - ADX 22 with -DI leading on 15m
  - price in premium of swing range 739.51–755.42 (position 0.70)
  - RSI(14) = 43 on 15m
  + net buying pressure +0.02 on 15m
  + supertrend: 1d=bear, 4h=bull
  + EMA stack: 1/4 timeframes bullish, 1 bearish
2026-07-26T01:19:41.921Z INFO     optionspilot.engine | SPY: long 22.6% | conservative | no trade
  gate: average setup: confidence 22.6% < required 80% (conservative mode)
  passed: trend alignment (+0.50); momentum (+0.49)
  failed: volume (+0.10); support/resistance (-0.41); trend strength (ADX) (-0.43)
  + higher-timeframe trend: 1d=range, 4h=up
  + MACD histogram +0.217 and rising on 15m
  + price above VWAP on 15m
  - ADX 22 with -DI leading on 15m
  - price in premium of swing range 739.51–755.42 (position 0.70)
  + EMA stack: 1/4 timeframes bullish, 0 bearish
  + net buying pressure +0.10 on 15m
  - RSI(14) = 45 on 15m
  + supertrend: 1d=bear, 4h=bull
2026-07-26T01:19:41.982Z INFO     optionspilot.engine | SPY: long 19.0% | conservative | no trade
  gate: poor setup: confidence 19.0% < required 80% (conservative mode)
  passed: trend alignment (+0.50); market structure (+0.70); momentum (+0.48); no opposing divergence (+1.00)
  failed: volume (-0.12); support/resistance (-0.41); trend strength (ADX) (-0.40); liquidity sweep (-1.00); candlestick confirmation (-0.60)
  + CHOCH up through 746.57 on 5m (2 bars ago)
  + higher-timeframe trend: 1d=range, 4h=up
  + MACD histogram +0.255 and rising on 15m
  + bullish price/OBV divergence on 15m
  - liquidity grab above highs at 746.57 on 5m
  + price above VWAP on 15m
  - candlesticks: evening_star (5m)
  - price in premium of swing range 739.51–755.42 (position 0.70)
  - ADX 20 with -DI leading on 15m
  + EMA stack: 1/4 timeframes bullish, 0 bearish
  - net selling pressure -0.12 on 15m
  - RSI(14) = 44 on 15m
  + supertrend: 1d=bear, 4h=bull
2026-07-26T01:19:42.057Z INFO     optionspilot.engine | SPY: long 22.9% | conservative | no trade
  gate: poor setup: confidence 22.9% < required 80% (conservative mode)
  passed: trend alignment (+0.50); market structure (+0.70); momentum (+0.49); no opposing divergence (+1.00)
  failed: volume (+0.06); support/resistance (-0.41); trend strength (ADX) (+0.00); liquidity sweep (-1.00); candlestick confirmation (-0.60)
  + CHOCH up through 746.57 on 5m (5 bars ago)
  + higher-timeframe trend: 1d=range, 4h=up
  + MACD histogram +0.286 and rising on 15m
  + bullish price/OBV divergence on 15m
  - liquidity grab above highs at 746.57 on 5m
  + price above VWAP on 15m
  - candlesticks: bearish_engulfing (5m)
  - price in premium of swing range 739.51–755.42 (position 0.70)
  + EMA stack: 1/4 timeframes bullish, 0 bearish
  + net buying pressure +0.06 on 15m
  - RSI(14) = 45 on 15m
  + supertrend: 1d=bear, 4h=bull
  + ADX 19: no meaningful trend on 15m
2026-07-26T01:19:42.138Z INFO     optionspilot.engine | SPY: long 27.8% | conservative | no trade
  gate: average setup: confidence 27.8% < required 80% (conservative mode)
  passed: trend alignment (+0.50); market structure (+0.70); momentum (+0.50); liquidity sweep (+1.00)
  failed: volume (+0.02); support/resistance (-0.41); trend strength (ADX) (+0.00); no consolidation (-0.50)
  + CHOCH up through 746.57 on 5m (8 bars ago)
  + higher-timeframe trend: 1d=range, 4h=up
  + MACD histogram +0.334 and rising on 15m
  + liquidity grab below lows at 746.13 on 5m
  + price above VWAP on 15m
  - price in premium of swing range 739.51–755.42 (position 0.70)
  + EMA stack: 1/4 timeframes bullish, 0 bearish
  + net buying pressure +0.02 on 15m
  + supertrend: 1d=bear, 4h=bull
  + RSI(14) = 47 on 15m
  + ADX 18: no meaningful trend on 15m
  - entry timeframe is consolidating — confidence damped 25%
2026-07-26T01:19:42.204Z INFO     optionspilot.engine | SPY: long 3.9% | conservative | no trade
  gate: poor setup: confidence 3.9% < required 80% (conservative mode)
  passed: trend alignment (+0.50); liquidity sweep (+1.00)
  failed: market structure (-0.70); volume (-0.08); momentum (+0.10); support/resistance (-0.41); trend strength (ADX) (+0.00); candlestick confirmation (-0.60); no consolidation (-0.50)
  - CHOCH down through 745.97 on 5m (0 bars ago)
  + higher-timeframe trend: 1d=range, 4h=up
  + liquidity grab below lows at 745.97 on 5m
  + price above VWAP on 15m
  - candlesticks: bearish_engulfing (15m)
  + MACD histogram +0.277 and falling on 15m
  - price in premium of swing range 739.51–755.42 (position 0.70)
  - RSI(14) = 42 on 15m
  - net selling pressure -0.08 on 15m
  + supertrend: 1d=bear, 4h=bull
  + EMA stack: 1/4 timeframes bullish, 1 bearish
  + ADX 17: no meaningful trend on 15m
  - entry timeframe is consolidating — confidence damped 25%
2026-07-26T01:19:42.256Z INFO     optionspilot.engine | SPY: short 1.4% | conservative | no trade
  gate: poor setup: confidence 1.4% < required 80% (conservative mode)
  passed: market structure (+0.70); support/resistance (+0.41)
  failed: trend alignment (-0.50); volume (-0.01); momentum (+0.01); trend strength (ADX) (-0.00); liquidity sweep (-1.00); no consolidation (-0.50)
  + CHOCH down through 745.97 on 5m (3 bars ago)
  - higher-timeframe trend: 1d=range, 4h=up
  - liquidity grab below lows at 745.97 on 5m
  + price below VWAP on 15m
  + RSI(14) = 39 on 15m
  - MACD histogram +0.175 and falling on 15m
  + price in premium of swing range 739.51–755.42 (position 0.70)
  + EMA stack: 1/4 timeframes bullish, 2 bearish
  - net buying pressure +0.01 on 15m
  + supertrend: 1d=bear, 4h=bull
  + ADX 17: no meaningful trend on 15m
  - entry timeframe is consolidating — confidence damped 25%
2026-07-26T01:19:42.317Z INFO     optionspilot.engine | SPY: short 2.1% | conservative | no trade
  gate: poor setup: confidence 2.1% < required 80% (conservative mode)
  passed: market structure (+0.70); support/resistance (+0.41)
  failed: trend alignment (-0.50); volume (+0.01); momentum (+0.06); trend strength (ADX) (-0.00); liquidity sweep (-1.00); no consolidation (-0.50)
  + CHOCH down through 745.97 on 5m (6 bars ago)
  - higher-timeframe trend: 1d=range, 4h=up
  - liquidity grab below lows at 745.97 on 5m
  + RSI(14) = 37 on 15m
  + price below VWAP on 15m
  - MACD histogram +0.083 and falling on 15m
  + price in premium of swing range 739.51–755.42 (position 0.70)
  + EMA stack: 1/4 timeframes bullish, 2 bearish
  + net selling pressure -0.01 on 15m
  + supertrend: 1d=bear, 4h=bull
  + ADX 17: no meaningful trend on 15m
  - entry timeframe is consolidating — confidence damped 25%
2026-07-26T01:19:42.402Z INFO     optionspilot.engine | SPY: short 17.0% | conservative | no trade
  gate: poor setup: confidence 17.0% < required 80% (conservative mode)
  passed: market structure (+1.00); support/resistance (+0.41); liquidity sweep (+1.00)
  failed: trend alignment (-0.50); volume (-0.05); momentum (+0.10); trend strength (ADX) (-0.00); candlestick confirmation (-0.60)
  + BOS down through 743.96 on 15m (0 bars ago)
  - higher-timeframe trend: 1d=range, 4h=up
  + liquidity grab above highs at 747.10 on 15m
  + RSI(14) = 36 on 15m
  + price below VWAP on 15m
  - candlesticks: hammer (5m)
  - MACD histogram +0.008 and falling on 15m
  + price in premium of swing range 739.51–755.42 (position 0.70)
  + EMA stack: 1/4 timeframes bullish, 2 bearish
  - net buying pressure +0.05 on 15m
  + supertrend: 1d=bear, 4h=bull
  + ADX 18: no meaningful trend on 15m
2026-07-26T01:19:42.487Z INFO     optionspilot.engine | SPY: short 16.6% | conservative | no trade
  gate: poor setup: confidence 16.6% < required 80% (conservative mode)
  passed: market structure (+1.00); momentum (+0.85); candlestick confirmation (+0.60)
  failed: trend alignment (-0.50); volume (-0.06); support/resistance (-0.20); trend strength (ADX) (-0.00); liquidity sweep (-1.00)
  + BOS down through 743.96 on 15m (1 bars ago)
  - higher-timeframe trend: 1d=range, 4h=up
  + MACD histogram -0.057 and falling on 15m
  - liquidity grab below lows at 743.24 on 5m
  + RSI(14) = 35 on 15m
  - price at unmitigated support (bullish FVG/OB) on 15m
  + price below VWAP on 15m
  + candlesticks: bearish_engulfing (5m)
  + price in premium of swing range 739.51–755.42 (position 0.70)
  + EMA stack: 1/4 timeframes bullish, 2 bearish
  - net buying pressure +0.06 on 15m
  + supertrend: 1d=bear, 4h=bull
  + ADX 19: no meaningful trend on 15m
2026-07-26T01:19:42.554Z INFO     optionspilot.engine | SPY: long 15.8% | conservative | no trade
  gate: poor setup: confidence 15.8% < required 80% (conservative mode)
  passed: trend alignment (+0.50); market structure (+0.70); liquidity sweep (+1.00); candlestick confirmation (+0.60)
  failed: volume (+0.06); momentum (-0.34); support/resistance (-0.41); trend strength (ADX) (+0.00)
  + CHOCH up through 744.34 on 5m (1 bars ago)
  + higher-timeframe trend: 1d=range, 4h=up
  + liquidity grab below lows at 743.24 on 5m
  - price below VWAP on 15m
  + candlesticks: bullish_engulfing (15m)
  - MACD histogram -0.012 and rising on 15m
  - price in premium of swing range 739.51–755.42 (position 0.70)
  - RSI(14) = 41 on 15m
  + net buying pressure +0.06 on 15m
  + supertrend: 1d=bear, 4h=bull
  + EMA stack: 1/4 timeframes bullish, 1 bearish
  + ADX 20: no meaningful trend on 15m
2026-07-26T01:19:42.616Z INFO     optionspilot.engine | SPY: short 32.0% | conservative | no trade
  gate: poor setup: confidence 32.0% < required 80% (conservative mode)
  passed: market structure (+0.70); momentum (+0.82); trend strength (ADX) (+0.40); liquidity sweep (+1.00); candlestick confirmation (+1.00)
  failed: trend alignment (-0.50); volume (+0.05); support/resistance (-0.20)
  + CHOCH down through 743.09 on 5m (0 bars ago)
  - higher-timeframe trend: 1d=range, 4h=up
  + MACD histogram -0.074 and falling on 15m
  + liquidity grab above highs at 744.34 on 5m
  + candlesticks: bearish_marubozu (15m), bearish_engulfing (15m)
  + RSI(14) = 35 on 15m
  - price at unmitigated support (bullish FVG/OB) on 15m
  + price below VWAP on 15m
  + price in premium of swing range 739.51–755.42 (position 0.70)
  + ADX 20 with -DI leading on 15m
  + EMA stack: 1/4 timeframes bullish, 2 bearish
  + net selling pressure -0.05 on 15m
  + supertrend: 1d=bear, 4h=bull
2026-07-26T01:19:42.679Z INFO     optionspilot.engine | SPY: short 7.8% | conservative | no trade
  gate: poor setup: confidence 7.8% < required 80% (conservative mode)
  passed: market structure (+0.70); momentum (+0.45); support/resistance (+0.41); trend strength (ADX) (+0.42)
  failed: trend alignment (-0.50); volume (+0.03); liquidity sweep (-1.00); candlestick confirmation (-0.60)
  + CHOCH down through 743.09 on 5m (3 bars ago)
  - higher-timeframe trend: 1d=range, 4h=up
  - liquidity grab below lows at 743.09 on 5m
  + RSI(14) = 38 on 15m
  + price below VWAP on 15m
  - candlesticks: bullish_engulfing (5m)
  + MACD histogram -0.072 and rising on 15m
  + ADX 21 with -DI leading on 15m
  + price in premium of swing range 739.51–755.42 (position 0.70)
  + EMA stack: 1/4 timeframes bullish, 2 bearish
  + net selling pressure -0.03 on 15m
  + supertrend: 1d=bear, 4h=bull
2026-07-26T01:19:42.743Z INFO     optionspilot.engine | SPY: short 4.3% | conservative | no trade
  gate: poor setup: confidence 4.3% < required 80% (conservative mode)
  passed: market structure (+1.00); momentum (+0.39); support/resistance (+0.41); trend strength (ADX) (+0.43)
  failed: trend alignment (-0.50); volume (-0.39); liquidity sweep (-1.00); candlestick confirmation (-0.60)
  + BOS down through 743.96 on 15m (5 bars ago)
  - higher-timeframe trend: 1d=range, 4h=up
  - liquidity grab below lows at 743.09 on 5m
  + price below VWAP on 15m
  - candlesticks: bullish_engulfing (5m)
  - elevated volume (1.9x average) confirming flow on 15m
  + MACD histogram -0.034 and rising on 15m
  + RSI(14) = 39 on 15m
  + ADX 22 with -DI leading on 15m
  + price in premium of swing range 739.51–755.42 (position 0.70)
  - net buying pressure +0.02 on 15m
  + supertrend: 1d=bear, 4h=bull
  + EMA stack: 1/4 timeframes bullish, 1 bearish
2026-07-26T01:19:42.838Z INFO     optionspilot.engine | SPY: short 25.8% | conservative | no trade
  gate: poor setup: confidence 25.8% < required 80% (conservative mode)
  passed: market structure (+1.00); volume (+0.58); momentum (+0.43); support/resistance (+0.41); trend strength (ADX) (+0.42); candlestick confirmation (+1.00)
  failed: trend alignment (-0.50); liquidity sweep (-1.00)
  + BOS down through 743.96 on 15m (6 bars ago)
  - higher-timeframe trend: 1d=range, 4h=up
  - liquidity grab below lows at 743.09 on 5m
  + candlesticks: bearish_engulfing (15m), evening_star (5m)
  + elevated volume (4.1x average) confirming flow on 15m
  + price below VWAP on 15m
  + RSI(14) = 38 on 15m
  + MACD histogram -0.017 and rising on 15m
  + ADX 21 with -DI leading on 15m
  + price in premium of swing range 739.51–755.42 (position 0.70)
  + EMA stack: 1/4 timeframes bullish, 2 bearish
  + net selling pressure -0.16 on 15m
  + supertrend: 1d=bear, 4h=bull
2026-07-26T01:19:42.935Z INFO     optionspilot.engine | SPY: long 40.3% | conservative | no trade
  gate: good setup: confidence 40.3% < required 80% (conservative mode)
  passed: trend alignment (+0.50); market structure (+0.70); momentum (+0.66); support/resistance (+0.53); trend strength (ADX) (+0.43); liquidity sweep (+1.00)
  failed: volume (-0.41)
  + CHOCH up through 744.66 on 15m (0 bars ago)
  + higher-timeframe trend: 1d=range, 4h=up
  + MACD histogram +0.352 and rising on 15m
  + liquidity grab below lows at 743.09 on 5m
  + price above VWAP on 15m
  - elevated volume (1.9x average) confirming flow on 15m
  + price in discount of swing range 739.51–755.58 (position 0.24)
  + ADX 21 with +DI leading on 15m
  + RSI(14) = 60 on 15m
  - net selling pressure -0.07 on 15m
  + supertrend: 1d=bear, 4h=bull
  + EMA stack: 0/4 timeframes bullish, 0 bearish
2026-07-26T01:19:42.995Z INFO     optionspilot.engine | SPY: long 27.9% | conservative | no trade
  gate: poor setup: confidence 27.9% < required 80% (conservative mode)
  passed: trend alignment (+0.50); market structure (+0.70); momentum (+0.50); support/resistance (+0.66); trend strength (ADX) (+0.42); liquidity sweep (+1.00)
  failed: volume (-0.32); candlestick confirmation (-0.60)
  + CHOCH up through 744.66 on 15m (1 bars ago)
  + higher-timeframe trend: 1d=range, 4h=up
  + MACD histogram +0.393 and rising on 15m
  + liquidity grab below lows at 743.96 on 15m
  + price at unmitigated support (bullish FVG/OB) on 15m
  - price below VWAP on 15m
  - candlesticks: bearish_engulfing (15m)
  + price in discount of swing range 739.51–755.58 (position 0.24)
  + ADX 21 with +DI leading on 15m
  - elevated volume (1.3x average) confirming flow on 15m
  - net selling pressure -0.12 on 15m
  + supertrend: 1d=bear, 4h=bull
  + EMA stack: 0/4 timeframes bullish, 0 bearish
  + RSI(14) = 50 on 15m
2026-07-26T01:19:43.093Z INFO     optionspilot.engine | SPY: long 29.8% | conservative | no trade
  gate: good setup: confidence 29.8% < required 80% (conservative mode)
  passed: trend alignment (+0.50); market structure (+0.70); momentum (+0.20); support/resistance (+0.66); liquidity sweep (+1.00)
  failed: volume (-0.13); trend strength (ADX) (+0.00)
  + CHOCH up through 744.66 on 15m (2 bars ago)
  + higher-timeframe trend: 1d=range, 4h=up
  + liquidity grab below lows at 743.96 on 15m
  + price at unmitigated support (bullish FVG/OB) on 15m
  - price below VWAP on 15m
  + price in discount of swing range 739.51–755.58 (position 0.24)
  + MACD histogram +0.364 and falling on 15m
  - net selling pressure -0.13 on 15m
  + supertrend: 1d=bear, 4h=bull
  + EMA stack: 0/4 timeframes bullish, 0 bearish
  + RSI(14) = 48 on 15m
  + ADX 20: no meaningful trend on 15m
2026-07-26T01:19:43.161Z INFO     optionspilot.engine | SPY: long 23.4% | conservative | no trade
  gate: average setup: confidence 23.4% < required 80% (conservative mode)
  passed: trend alignment (+0.50); market structure (+0.70); momentum (+0.50); support/resistance (+0.53); liquidity sweep (+1.00)
  failed: volume (-0.15); trend strength (ADX) (+0.00); no opposing divergence (-1.00)
  + CHOCH up through 744.66 on 15m (3 bars ago)
  + higher-timeframe trend: 1d=range, 4h=up
  + MACD histogram +0.380 and rising on 15m
  - bearish price/OBV divergence on 15m
  + liquidity grab below lows at 743.96 on 15m
  - price below VWAP on 15m
  + price in discount of swing range 739.51–755.58 (position 0.24)
  + EMA stack: 1/4 timeframes bullish, 0 bearish
  - net selling pressure -0.15 on 15m
  + supertrend: 1d=bear, 4h=bull
  + RSI(14) = 50 on 15m
  + ADX 18: no meaningful trend on 15m
2026-07-26T01:19:43.226Z INFO     optionspilot.engine | SPY: long 8.1% | conservative | no trade
  gate: poor setup: confidence 8.1% < required 80% (conservative mode)
  passed: trend alignment (+0.50); market structure (+0.70); momentum (+0.20); support/resistance (+0.53); liquidity sweep (+1.00)
  failed: volume (-0.14); trend strength (ADX) (+0.00); no opposing divergence (-1.00); candlestick confirmation (-1.00)
  + CHOCH up through 744.66 on 15m (4 bars ago)
  + higher-timeframe trend: 1d=range, 4h=up
  - bearish price/OBV divergence on 15m
  + liquidity grab below lows at 743.96 on 15m
  - candlesticks: bearish_engulfing (15m), bearish_engulfing (5m)
  - price below VWAP on 15m
  + price in discount of swing range 739.51–755.58 (position 0.24)
  + MACD histogram +0.329 and falling on 15m
  - EMA stack: 0/4 timeframes bullish, 1 bearish
  - net selling pressure -0.14 on 15m
  + supertrend: 1d=bear, 4h=bull
  + RSI(14) = 47 on 15m
  + ADX 17: no meaningful trend on 15m
2026-07-26T01:19:43.327Z INFO     optionspilot.engine | SPY: short 3.5% | conservative | no trade
  gate: poor setup: confidence 3.5% < required 80% (conservative mode)
  passed: market structure (+0.70); no opposing divergence (+1.00)
  failed: trend alignment (-0.50); volume (+0.14); momentum (-0.20); support/resistance (-0.53); trend strength (ADX) (-0.00); liquidity sweep (-1.00)
  + CHOCH down through 744.26 on 5m (0 bars ago)
  - higher-timeframe trend: 1d=range, 4h=up
  + bearish price/OBV divergence on 15m
  - liquidity grab below lows at 744.26 on 5m
  + EMA stack: 0/4 timeframes bullish, 2 bearish
  + price below VWAP on 15m
  - price in discount of swing range 739.51–755.58 (position 0.24)
  - MACD histogram +0.238 and falling on 15m
  + net selling pressure -0.14 on 15m
  + supertrend: 1d=bear, 4h=bull
  + RSI(14) = 45 on 15m
  + ADX 17: no meaningful trend on 15m
2026-07-26T01:19:43.426Z INFO     optionspilot.engine | SPY: short 3.1% | conservative | no trade
  gate: poor setup: confidence 3.1% < required 80% (conservative mode)
  passed: market structure (+0.70); no opposing divergence (+1.00)
  failed: trend alignment (-0.50); volume (+0.09); momentum (-0.20); support/resistance (-0.53); trend strength (ADX) (-0.00); liquidity sweep (-1.00)
  + CHOCH down through 744.26 on 5m (3 bars ago)
  - higher-timeframe trend: 1d=range, 4h=up
  + bearish price/OBV divergence on 15m
  - liquidity grab below lows at 744.26 on 5m
  + EMA stack: 0/4 timeframes bullish, 2 bearish
  + price below VWAP on 15m
  - price in discount of swing range 739.51–755.58 (position 0.24)
  - MACD histogram +0.220 and falling on 15m
  + net selling pressure -0.09 on 15m
  + supertrend: 1d=bear, 4h=bull
  + RSI(14) = 48 on 15m
  + ADX 16: no meaningful trend on 15m
2026-07-26T01:19:43.497Z INFO     optionspilot.engine | SPY: short 3.2% | conservative | no trade
  gate: poor setup: confidence 3.2% < required 80% (conservative mode)
  passed: market structure (+0.70); no opposing divergence (+1.00); liquidity sweep (+1.00)
  failed: trend alignment (-0.50); volume (+0.06); momentum (-0.50); support/resistance (-0.53); trend strength (ADX) (-0.00); candlestick confirmation (-0.60); no consolidation (-0.50)
  + CHOCH down through 744.26 on 5m (6 bars ago)
  - higher-timeframe trend: 1d=range, 4h=up
  - MACD histogram +0.273 and rising on 15m
  + bearish price/OBV divergence on 15m
  + liquidity grab above highs at 745.96 on 5m
  + price below VWAP on 15m
  - candlesticks: hammer (5m)
  - price in discount of swing range 739.51–755.58 (position 0.24)
  + net selling pressure -0.06 on 15m
  + supertrend: 1d=bear, 4h=bull
  + EMA stack: 0/4 timeframes bullish, 0 bearish
  + RSI(14) = 51 on 15m
  + ADX 15: no meaningful trend on 15m
  - entry timeframe is consolidating — confidence damped 25%
2026-07-26T01:19:43.568Z INFO     optionspilot.engine | SPY: long 8.7% | conservative | no trade
  gate: poor setup: confidence 8.7% < required 80% (conservative mode)
  passed: trend alignment (+0.50); market structure (+0.70); momentum (+0.50); candlestick confirmation (+0.60)
  failed: volume (-0.02); support/resistance (-0.14); trend strength (ADX) (+0.00); no opposing divergence (-1.00); liquidity sweep (-1.00)
  + CHOCH up through 744.66 on 15m (8 bars ago)
  + higher-timeframe trend: 1d=range, 4h=up
  + MACD histogram +0.304 and rising on 15m
  - bearish price/OBV divergence on 15m
  - liquidity grab above highs at 745.96 on 5m
  - price at unmitigated resistance (bearish FVG/OB) on 15m
  - price below VWAP on 15m
  + candlesticks: hammer (15m)
  + price in discount of swing range 739.51–755.58 (position 0.24)
  + EMA stack: 1/4 timeframes bullish, 0 bearish
  - net selling pressure -0.02 on 15m
  + supertrend: 1d=bear, 4h=bull
  + RSI(14) = 52 on 15m
  + ADX 14: no meaningful trend on 15m
2026-07-26T01:19:43.675Z INFO     optionspilot.engine | SPY: short 1.9% | conservative | no trade
  gate: poor setup: confidence 1.9% < required 80% (conservative mode)
  passed: no opposing divergence (+1.00); liquidity sweep (+1.00)
  failed: trend alignment (-0.00); market structure (-0.70); volume (+0.04); momentum (-0.50); support/resistance (+0.14); trend strength (ADX) (-0.00)
  - CHOCH up through 746.02 on 5m (1 bars ago)
  - MACD histogram +0.315 and rising on 15m
  + bearish price/OBV divergence on 15m
  + liquidity grab above highs at 746.02 on 5m
  + price at unmitigated resistance (bearish FVG/OB) on 15m
  + price below VWAP on 15m
  - price in discount of swing range 739.51–755.58 (position 0.24)
  - EMA stack: 1/4 timeframes bullish, 0 bearish
  + net selling pressure -0.04 on 15m
  + higher-timeframe trend: 1d=range, 4h=range
  + supertrend: 1d=bear, 4h=bull
  + RSI(14) = 52 on 15m
  + ADX 13: no meaningful trend on 15m
2026-07-26T01:19:43.773Z INFO     optionspilot.engine | SPY: long 10.5% | conservative | no trade
  gate: average setup: confidence 10.5% < required 80% (conservative mode)
  passed: market structure (+0.70); momentum (+0.50); support/resistance (+0.53)
  failed: trend alignment (+0.00); volume (+0.04); trend strength (ADX) (+0.00); no opposing divergence (-1.00); liquidity sweep (-1.00)
  + CHOCH up through 746.02 on 5m (4 bars ago)
  + MACD histogram +0.362 and rising on 15m
  - bearish price/OBV divergence on 15m
  - liquidity grab above highs at 746.02 on 5m
  + price above VWAP on 15m
  + price in discount of swing range 739.51–755.58 (position 0.24)
  + EMA stack: 1/4 timeframes bullish, 0 bearish
  + net buying pressure +0.04 on 15m
  + higher-timeframe trend: 1d=range, 4h=range
  + supertrend: 1d=bear, 4h=bull
  + RSI(14) = 55 on 15m
  + ADX 13: no meaningful trend on 15m
2026-07-26T01:19:43.846Z INFO     optionspilot.engine | SPY: long 1.6% | conservative | no trade
  gate: poor setup: confidence 1.6% < required 80% (conservative mode)
  passed: market structure (+0.70); momentum (+0.20); support/resistance (+0.53)
  failed: trend alignment (+0.00); volume (-0.01); trend strength (ADX) (+0.00); no opposing divergence (-1.00); liquidity sweep (-1.00); candlestick confirmation (-0.60)
  + CHOCH up through 746.02 on 5m (7 bars ago)
  - bearish price/OBV divergence on 15m
  - liquidity grab above highs at 746.02 on 5m
  + price above VWAP on 15m
  - candlesticks: bearish_engulfing (5m)
  + price in discount of swing range 739.51–755.58 (position 0.24)
  + MACD histogram +0.357 and falling on 15m
  + EMA stack: 1/4 timeframes bullish, 0 bearish
  - net selling pressure -0.01 on 15m
  + higher-timeframe trend: 1d=range, 4h=range
  + supertrend: 1d=bear, 4h=bull
  + RSI(14) = 53 on 15m
  + ADX 13: no meaningful trend on 15m
2026-07-26T01:19:43.913Z INFO     optionspilot.engine | SPY: long 9.3% | conservative | no trade
  gate: average setup: confidence 9.3% < required 80% (conservative mode)
  passed: market structure (+0.70); momentum (+0.20); support/resistance (+0.53); liquidity sweep (+1.00)
  failed: trend alignment (+0.00); volume (-0.10); trend strength (ADX) (+0.00); no opposing divergence (-1.00)
  + CHOCH up through 746.02 on 5m (10 bars ago)
  - bearish price/OBV divergence on 15m
  + liquidity grab below lows at 745.10 on 5m
  - price below VWAP on 15m
  + price in discount of swing range 739.51–755.58 (position 0.24)
  + MACD histogram +0.271 and falling on 15m
  - net selling pressure -0.10 on 15m
  + higher-timeframe trend: 1d=range, 4h=range
  + supertrend: 1d=bear, 4h=bull
  + EMA stack: 0/4 timeframes bullish, 0 bearish
  + RSI(14) = 49 on 15m
  + ADX 12: no meaningful trend on 15m
2026-07-26T01:19:43.985Z INFO     optionspilot.engine | SPY: long 2.6% | conservative | no trade
  gate: poor setup: confidence 2.6% < required 80% (conservative mode)
  passed: momentum (+0.20); support/resistance (+0.53); liquidity sweep (+1.00)
  failed: trend alignment (+0.00); volume (+0.05); trend strength (ADX) (+0.00); no opposing divergence (-1.00)
  - bearish price/OBV divergence on 15m
  + liquidity grab below lows at 745.10 on 5m
  - price below VWAP on 15m
  + price in discount of swing range 739.51–755.58 (position 0.24)
  + MACD histogram +0.178 and falling on 15m
  + net buying pressure +0.05 on 15m
  + higher-timeframe trend: 1d=range, 4h=range
  + supertrend: 1d=bear, 4h=bull
  + EMA stack: 0/4 timeframes bullish, 0 bearish
  + RSI(14) = 47 on 15m
  + ADX 12: no meaningful trend on 15m
2026-07-26T01:19:44.059Z INFO     optionspilot.engine | SPY: short 15.3% | conservative | no trade
  gate: poor setup: confidence 15.3% < required 80% (conservative mode)
  passed: market structure (+0.70); volume (+0.15); no opposing divergence (+1.00); candlestick confirmation (+0.60)
  failed: trend alignment (-0.00); momentum (-0.13); support/resistance (-0.53); trend strength (ADX) (-0.00); liquidity sweep (-1.00)
  + CHOCH down through 744.50 on 5m (0 bars ago)
  + bearish price/OBV divergence on 15m
  - liquidity grab below lows at 744.50 on 5m
  + EMA stack: 0/4 timeframes bullish, 2 bearish
  + price below VWAP on 15m
  + candlesticks: bearish_engulfing (5m)
  - price in discount of swing range 739.51–755.58 (position 0.24)
  - MACD histogram +0.043 and falling on 15m
  + net selling pressure -0.15 on 15m
  + RSI(14) = 43 on 15m
  + higher-timeframe trend: 1d=range, 4h=range
  + supertrend: 1d=bear, 4h=bull
  + ADX 13: no meaningful trend on 15m
2026-07-26T01:19:44.134Z INFO     optionspilot.engine | SPY: short 10.4% | conservative | no trade
  gate: poor setup: confidence 10.4% < required 80% (conservative mode)
  passed: market structure (+0.70); momentum (+0.53)
  failed: trend alignment (-0.00); volume (+0.02); support/resistance (-0.53); trend strength (ADX) (-0.00); liquidity sweep (-1.00); candlestick confirmation (-0.60)
  + CHOCH down through 744.50 on 5m (3 bars ago)
  + MACD histogram -0.028 and falling on 15m
  - liquidity grab below lows at 744.50 on 5m
  + EMA stack: 0/4 timeframes bullish, 2 bearish
  + price below VWAP on 15m
  - candlesticks: bullish_engulfing (5m)
  - price in discount of swing range 739.51–755.58 (position 0.24)
  + RSI(14) = 44 on 15m
  + net selling pressure -0.02 on 15m
  + higher-timeframe trend: 1d=range, 4h=range
  + supertrend: 1d=bear, 4h=bull
  + ADX 13: no meaningful trend on 15m
2026-07-26T01:19:44.219Z INFO     optionspilot.engine | SPY: short 13.9% | conservative | no trade
  gate: poor setup: confidence 13.9% < required 80% (conservative mode)
  passed: market structure (+0.70); momentum (+0.58); candlestick confirmation (+0.60)
  failed: trend alignment (-0.00); volume (-0.01); support/resistance (-0.53); trend strength (ADX) (-0.00); liquidity sweep (-1.00); no consolidation (-0.50)
  + CHOCH down through 744.50 on 5m (6 bars ago)
  + MACD histogram -0.092 and falling on 15m
  - liquidity grab below lows at 744.50 on 5m
  + EMA stack: 0/4 timeframes bullish, 2 bearish
  + price below VWAP on 15m
  + candlesticks: bearish_engulfing (15m)
  - price in discount of swing range 739.51–755.58 (position 0.24)
  + RSI(14) = 43 on 15m
  - net buying pressure +0.01 on 15m
  + higher-timeframe trend: 1d=range, 4h=range
  + supertrend: 1d=bear, 4h=bull
  + ADX 14: no meaningful trend on 15m
  - entry timeframe is consolidating — confidence damped 25%
2026-07-26T01:19:44.272Z INFO     optionspilot.engine | SPY: long 10.0% | conservative | no trade
  gate: poor setup: confidence 10.0% < required 80% (conservative mode)
  passed: market structure (+0.70); support/resistance (+0.53); liquidity sweep (+1.00); candlestick confirmation (+0.60)
  failed: trend alignment (+0.00); volume (-0.05); momentum (-0.20); trend strength (ADX) (+0.00); no consolidation (-0.50)
  + CHOCH up through 744.54 on 5m (1 bars ago)
  + liquidity grab below lows at 743.69 on 15m
  - price below VWAP on 15m
  + candlesticks: hammer (5m)
  + price in discount of swing range 739.51–755.58 (position 0.24)
  - MACD histogram -0.074 and rising on 15m
  - EMA stack: 0/4 timeframes bullish, 1 bearish
  - net selling pressure -0.05 on 15m
  + higher-timeframe trend: 1d=range, 4h=range
  + supertrend: 1d=bear, 4h=bull
  + RSI(14) = 47 on 15m
  + ADX 14: no meaningful trend on 15m
  - entry timeframe is consolidating — confidence damped 25%
2026-07-26T01:19:44.343Z INFO     optionspilot.engine | SPY: long 9.7% | conservative | no trade
  gate: poor setup: confidence 9.7% < required 80% (conservative mode)
  passed: market structure (+0.70); support/resistance (+0.53); liquidity sweep (+1.00)
  failed: trend alignment (+0.00); volume (+0.04); momentum (-0.20); trend strength (ADX) (+0.00); no consolidation (-0.50)
  + CHOCH up through 744.54 on 5m (4 bars ago)
  + liquidity grab below lows at 743.69 on 15m
  - price below VWAP on 15m
  + price in discount of swing range 739.51–755.58 (position 0.24)
  - MACD histogram -0.025 and rising on 15m
  + net buying pressure +0.04 on 15m
  + higher-timeframe trend: 1d=range, 4h=range
  + supertrend: 1d=bear, 4h=bull
  + EMA stack: 0/4 timeframes bullish, 0 bearish
  + RSI(14) = 49 on 15m
  + ADX 13: no meaningful trend on 15m
  - entry timeframe is consolidating — confidence damped 25%
2026-07-26T01:19:44.418Z INFO     optionspilot.engine | SPY: short 8.6% | conservative | no trade
  gate: poor setup: confidence 8.6% < required 80% (conservative mode)
  passed: momentum (+0.50); liquidity sweep (+1.00)
  failed: trend alignment (-0.00); market structure (-0.70); volume (-0.05); support/resistance (-0.53); trend strength (ADX) (-0.00); no consolidation (-0.50)
  - CHOCH up through 744.54 on 5m (7 bars ago)
  + MACD histogram -0.026 and falling on 15m
  + liquidity grab above highs at 744.54 on 5m
  + EMA stack: 0/4 timeframes bullish, 2 bearish
  + price below VWAP on 15m
  - price in discount of swing range 739.51–755.58 (position 0.24)
  - net buying pressure +0.05 on 15m
  + higher-timeframe trend: 1d=range, 4h=range
  + supertrend: 1d=bear, 4h=bull
  + RSI(14) = 46 on 15m
  + ADX 13: no meaningful trend on 15m
  - entry timeframe is consolidating — confidence damped 25%
2026-07-26T01:19:44.474Z INFO     optionspilot.engine | SPY: short 23.6% | conservative | no trade
  gate: average setup: confidence 23.6% < required 80% (conservative mode)
  passed: market structure (+0.70); momentum (+0.71); candlestick confirmation (+1.00)
  failed: trend alignment (-0.00); volume (+0.06); support/resistance (-0.53); trend strength (ADX) (-0.00); liquidity sweep (-1.00)
  + CHOCH down through 743.56 on 15m (0 bars ago)
  + MACD histogram -0.146 and falling on 15m
  - liquidity grab below lows at 743.59 on 5m
  + candlesticks: bearish_marubozu (15m), bearish_marubozu (5m)
  + EMA stack: 0/4 timeframes bullish, 2 bearish
  + price below VWAP on 15m
  - price in discount of swing range 739.51–755.58 (position 0.24)
  + RSI(14) = 39 on 15m
  + net selling pressure -0.06 on 15m
  + higher-timeframe trend: 1d=range, 4h=range
  + supertrend: 1d=bear, 4h=bull
  + ADX 15: no meaningful trend on 15m
2026-07-26T01:19:44.545Z INFO     optionspilot.engine | SPY: short 24.3% | conservative | no trade
  gate: average setup: confidence 24.3% < required 80% (conservative mode)
  passed: market structure (+0.70); momentum (+0.67); candlestick confirmation (+0.60)
  failed: trend alignment (-0.00); volume (+0.14); support/resistance (+0.14); trend strength (ADX) (-0.00); liquidity sweep (-1.00)
  + CHOCH down through 743.56 on 15m (1 bars ago)
  + MACD histogram -0.199 and falling on 15m
  - liquidity grab below lows at 743.59 on 5m
  + price at unmitigated resistance (bearish FVG/OB) on 15m
  + EMA stack: 0/4 timeframes bullish, 2 bearish
  + price below VWAP on 15m
  + candlesticks: shooting_star (15m)
  - price in discount of swing range 739.51–755.58 (position 0.24)
  + RSI(14) = 40 on 15m
  + net selling pressure -0.14 on 15m
  + higher-timeframe trend: 1d=range, 4h=range
  + supertrend: 1d=bear, 4h=bull
  + ADX 16: no meaningful trend on 15m
2026-07-26T01:19:44.629Z INFO     optionspilot.engine | SPY: short 31.8% | conservative | no trade
  gate: average setup: confidence 31.8% < required 80% (conservative mode)
  passed: market structure (+1.00); volume (+0.45); momentum (+0.79); candlestick confirmation (+1.00)
  failed: trend alignment (-0.00); support/resistance (-0.53); trend strength (ADX) (-0.00); liquidity sweep (-1.00)
  + BOS down through 742.43 on 5m (0 bars ago)
  + MACD histogram -0.283 and falling on 15m
  - liquidity grab below lows at 742.43 on 5m
  + candlesticks: bearish_engulfing (15m), bearish_engulfing (5m)
  + RSI(14) = 36 on 15m
  + EMA stack: 0/4 timeframes bullish, 2 bearish
  + price below VWAP on 15m
  - price in discount of swing range 739.51–755.58 (position 0.24)
  + elevated volume (1.6x average) confirming flow on 15m
  + net selling pressure -0.28 on 15m
  + higher-timeframe trend: 1d=range, 4h=range
  + supertrend: 1d=bear, 4h=bull
  + ADX 17: no meaningful trend on 15m
2026-07-26T01:19:44.694Z INFO     optionspilot.engine | SPY: short 17.4% | conservative | no trade
  gate: average setup: confidence 17.4% < required 80% (conservative mode)
  passed: market structure (+0.70); volume (+0.49); momentum (+0.30)
  failed: trend alignment (-0.00); support/resistance (+0.14); trend strength (ADX) (-0.00); liquidity sweep (-1.00)
  + CHOCH down through 743.56 on 15m (3 bars ago)
  - liquidity grab below lows at 742.43 on 5m
  + price at unmitigated resistance (bearish FVG/OB) on 15m
  + elevated volume (2.0x average) confirming flow on 15m
  + price below VWAP on 15m
  - price in discount of swing range 739.51–755.58 (position 0.24)
  + MACD histogram -0.251 and rising on 15m
  + EMA stack: 0/4 timeframes bullish, 1 bearish
  + RSI(14) = 42 on 15m
  + net selling pressure -0.18 on 15m
  + higher-timeframe trend: 1d=range, 4h=range
  + supertrend: 1d=bear, 4h=bull
  + ADX 19: no meaningful trend on 15m
2026-07-26T01:19:44.769Z INFO     optionspilot.engine | SPY: short 16.1% | conservative | no trade
  gate: average setup: confidence 16.1% < required 80% (conservative mode)
  passed: market structure (+0.70); volume (+0.42); momentum (+0.26)
  failed: trend alignment (-0.00); support/resistance (+0.14); trend strength (ADX) (-0.00); liquidity sweep (-1.00)
  + CHOCH down through 743.56 on 15m (4 bars ago)
  - liquidity grab below lows at 742.43 on 5m
  + price at unmitigated resistance (bearish FVG/OB) on 15m
  + price below VWAP on 15m
  - price in discount of swing range 739.51–755.58 (position 0.24)
  + MACD histogram -0.196 and rising on 15m
  + elevated volume (1.6x average) confirming flow on 15m
  + EMA stack: 0/4 timeframes bullish, 1 bearish
  + net selling pressure -0.19 on 15m
  + RSI(14) = 43 on 15m
  + higher-timeframe trend: 1d=range, 4h=range
  + supertrend: 1d=bear, 4h=bull
  + ADX 20: no meaningful trend on 15m
2026-07-26T01:19:44.880Z INFO     optionspilot.engine | SPY: short 28.1% | conservative | no trade
  gate: average setup: confidence 28.1% < required 80% (conservative mode)
  passed: market structure (+0.70); volume (+0.62); momentum (+0.67); trend strength (ADX) (+0.42); candlestick confirmation (+0.60)
  failed: trend alignment (-0.00); support/resistance (-0.53); no consolidation (-0.50)
  + CHOCH down through 743.56 on 15m (5 bars ago)
  + MACD histogram -0.201 and falling on 15m
  + elevated volume (6.0x average) confirming flow on 15m
  + EMA stack: 0/4 timeframes bullish, 2 bearish
  + price below VWAP on 15m
  + candlesticks: hammer (5m), bearish_engulfing (15m), evening_star (15m)
  - price in discount of swing range 739.51–755.58 (position 0.24)
  + RSI(14) = 40 on 15m
  + ADX 21 with -DI leading on 15m
  + net selling pressure -0.24 on 15m
  + higher-timeframe trend: 1d=range, 4h=range
  + supertrend: 1d=bear, 4h=bull
  - entry timeframe is consolidating — confidence damped 25%
2026-07-26T01:19:44.988Z INFO     optionspilot.engine | SPY: short 3.6% | conservative | no trade
  gate: poor setup: confidence 3.6% < required 80% (conservative mode)
  passed: volume (+0.60); momentum (+0.20); liquidity sweep (+1.00)
  failed: trend alignment (-0.00); market structure (-0.70); support/resistance (-0.74); trend strength (ADX) (-0.00)
  - CHOCH up through 743.34 on 5m (2 bars ago)
  + liquidity grab above highs at 745.38 on 15m
  - price at unmitigated support (bullish FVG/OB) on 15m
  - price in discount of swing range 739.51–755.58 (position 0.16)
  + elevated volume (2.2x average) confirming flow on 15m
  + price below VWAP on 15m
  + MACD histogram -0.036 and rising on 15m
  + net selling pressure -0.32 on 15m
  + higher-timeframe trend: 1d=range, 4h=range
  + supertrend: 1d=bear, 4h=bull
  + EMA stack: 0/4 timeframes bullish, 0 bearish
  + RSI(14) = 51 on 15m
  + ADX 20: no meaningful trend on 15m
2026-07-26T01:19:45.064Z INFO     optionspilot.engine | SPY: long 16.3% | conservative | no trade
  gate: average setup: confidence 16.3% < required 80% (conservative mode)
  passed: market structure (+0.70); momentum (+0.50); support/resistance (+0.68)
  failed: trend alignment (+0.00); volume (-0.25); trend strength (ADX) (+0.00); liquidity sweep (-1.00)
  + CHOCH up through 743.34 on 5m (5 bars ago)
  + MACD histogram +0.129 and rising on 15m
  - liquidity grab above highs at 745.38 on 15m
  + price in discount of swing range 739.51–755.58 (position 0.16)
  + price above VWAP on 15m
  - net selling pressure -0.25 on 15m
  + higher-timeframe trend: 1d=range, 4h=range
  + supertrend: 1d=bear, 4h=bull
  + EMA stack: 0/4 timeframes bullish, 0 bearish
  + RSI(14) = 54 on 15m
  + ADX 19: no meaningful trend on 15m
2026-07-26T01:19:45.153Z INFO     optionspilot.engine | SPY: long 5.4% | conservative | no trade
  gate: poor setup: confidence 5.4% < required 80% (conservative mode)
  passed: momentum (+0.53); support/resistance (+0.68); candlestick confirmation (+0.60)
  failed: trend alignment (+0.00); market structure (-0.70); volume (-0.19); trend strength (ADX) (+0.00); liquidity sweep (-1.00)
  - CHOCH down through 743.56 on 15m (8 bars ago)
  + MACD histogram +0.256 and rising on 15m
  - liquidity grab above highs at 745.38 on 15m
  + price in discount of swing range 739.51–755.58 (position 0.16)
  + price above VWAP on 15m
  + candlesticks: bullish_engulfing (5m)
  + EMA stack: 1/4 timeframes bullish, 0 bearish
  - net selling pressure -0.19 on 15m
  + RSI(14) = 56 on 15m
  + higher-timeframe trend: 1d=range, 4h=range
  + supertrend: 1d=bear, 4h=bull
  + ADX 18: no meaningful trend on 15m
2026-07-26T01:19:45.227Z INFO     optionspilot.engine | SPY: long 27.3% | conservative | no trade
  gate: average setup: confidence 27.3% < required 80% (conservative mode)
  passed: market structure (+0.70); momentum (+0.66); support/resistance (+0.74); candlestick confirmation (+0.60)
  failed: trend alignment (+0.00); volume (-0.16); trend strength (ADX) (+0.00); liquidity sweep (-1.00)
  + CHOCH up through 746.68 on 15m (0 bars ago)
  + MACD histogram +0.399 and rising on 15m
  - liquidity grab above highs at 745.38 on 15m
  + price at unmitigated support (bullish FVG/OB) on 15m
  + price in discount of swing range 739.51–755.58 (position 0.16)
  + price above VWAP on 15m
  + candlesticks: bullish_engulfing (5m)
  + RSI(14) = 60 on 15m
  + EMA stack: 1/4 timeframes bullish, 0 bearish
  - net selling pressure -0.16 on 15m
  + higher-timeframe trend: 1d=range, 4h=range
  + supertrend: 1d=bear, 4h=bull
  + ADX 18: no meaningful trend on 15m
2026-07-26T01:19:45.302Z INFO     optionspilot.engine | SPY: long 11.9% | conservative | no trade
  gate: average setup: confidence 11.9% < required 80% (conservative mode)
  passed: market structure (+0.70); momentum (+0.62); support/resistance (+0.68)
  failed: trend alignment (+0.00); volume (-0.14); trend strength (ADX) (+0.00); no opposing divergence (-1.00); liquidity sweep (-1.00)
  + CHOCH up through 746.68 on 15m (1 bars ago)
  + MACD histogram +0.454 and rising on 15m
  - bearish price/OBV divergence on 15m
  - liquidity grab above highs at 746.68 on 15m
  + price in discount of swing range 739.51–755.58 (position 0.16)
  + price above VWAP on 15m
  + EMA stack: 1/4 timeframes bullish, 0 bearish
  + RSI(14) = 59 on 15m
  - net selling pressure -0.14 on 15m
  + higher-timeframe trend: 1d=range, 4h=range
  + supertrend: 1d=bear, 4h=bull
  + ADX 19: no meaningful trend on 15m
2026-07-26T01:19:45.376Z INFO     optionspilot.engine | SPY: long 14.9% | conservative | no trade
  gate: average setup: confidence 14.9% < required 80% (conservative mode)
  passed: market structure (+0.70); momentum (+0.64); support/resistance (+0.68); candlestick confirmation (+0.60)
  failed: trend alignment (+0.00); volume (-0.15); trend strength (ADX) (+0.00); no opposing divergence (-1.00); liquidity sweep (-1.00)
  + CHOCH up through 746.68 on 15m (2 bars ago)
  + MACD histogram +0.477 and rising on 15m
  - bearish price/OBV divergence on 15m
  - liquidity grab above highs at 747.25 on 5m
  + price in discount of swing range 739.51–755.58 (position 0.16)
  + price above VWAP on 15m
  + candlesticks: hammer (5m)
  + RSI(14) = 59 on 15m
  + EMA stack: 1/4 timeframes bullish, 0 bearish
  - net selling pressure -0.15 on 15m
  + higher-timeframe trend: 1d=range, 4h=range
  + supertrend: 1d=bear, 4h=bull
  + ADX 19: no meaningful trend on 15m
2026-07-26T01:19:45.435Z INFO     optionspilot.engine | SPY: long 13.1% | conservative | no trade
  gate: average setup: confidence 13.1% < required 80% (conservative mode)
  passed: market structure (+0.70); momentum (+0.70); support/resistance (+0.68)
  failed: trend alignment (+0.00); volume (-0.14); trend strength (ADX) (+0.00); no opposing divergence (-1.00); liquidity sweep (-1.00)
  + CHOCH up through 746.68 on 15m (3 bars ago)
  + MACD histogram +0.498 and rising on 15m
  - bearish price/OBV divergence on 15m
  - liquidity grab above highs at 747.26 on 5m
  + price in discount of swing range 739.51–755.58 (position 0.16)
  + price above VWAP on 15m
  + RSI(14) = 61 on 15m
  + EMA stack: 1/4 timeframes bullish, 0 bearish
  - net selling pressure -0.14 on 15m
  + higher-timeframe trend: 1d=range, 4h=range
  + supertrend: 1d=bear, 4h=bull
  + ADX 19: no meaningful trend on 15m
2026-07-26T01:19:45.510Z INFO     optionspilot.engine | SPY: long 20.9% | conservative | no trade
  gate: average setup: confidence 20.9% < required 80% (conservative mode)
  passed: market structure (+1.00); momentum (+0.79); support/resistance (+0.68); candlestick confirmation (+0.60)
  failed: trend alignment (+0.00); volume (-0.09); trend strength (ADX) (+0.00); no opposing divergence (-1.00); liquidity sweep (-1.00)
  + BOS up through 747.26 on 5m (2 bars ago)
  + MACD histogram +0.537 and rising on 15m
  - bearish price/OBV divergence on 15m
  - liquidity grab above highs at 747.26 on 5m
  + RSI(14) = 64 on 15m
  + price in discount of swing range 739.51–755.58 (position 0.16)
  + price above VWAP on 15m
  + candlesticks: bullish_marubozu (15m)
  + EMA stack: 1/4 timeframes bullish, 0 bearish
  - net selling pressure -0.09 on 15m
  + higher-timeframe trend: 1d=range, 4h=range
  + supertrend: 1d=bear, 4h=bull
  + ADX 19: no meaningful trend on 15m
2026-07-26T01:19:45.588Z INFO     optionspilot.engine | SPY: long 5.2% | conservative | no trade
  gate: poor setup: confidence 5.2% < required 80% (conservative mode)
  passed: market structure (+0.70); momentum (+0.41); support/resistance (+0.68)
  failed: trend alignment (+0.00); volume (-0.05); trend strength (ADX) (+0.00); no opposing divergence (-1.00); liquidity sweep (-1.00); candlestick confirmation (-0.60)
  + CHOCH up through 746.68 on 15m (5 bars ago)
  - bearish price/OBV divergence on 15m
  - liquidity grab above highs at 747.26 on 5m
  + price in discount of swing range 739.51–755.58 (position 0.16)
  + price above VWAP on 15m
  - candlesticks: shooting_star (5m)
  + RSI(14) = 61 on 15m
  + MACD histogram +0.506 and falling on 15m
  + EMA stack: 1/4 timeframes bullish, 0 bearish
  - net selling pressure -0.05 on 15m
  + higher-timeframe trend: 1d=range, 4h=range
  + supertrend: 1d=bear, 4h=bull
  + ADX 19: no meaningful trend on 15m
2026-07-26T01:19:45.696Z INFO     optionspilot.engine | SPY: long 3.1% | conservative | no trade
  gate: poor setup: confidence 3.1% < required 80% (conservative mode)
  passed: market structure (+0.70); momentum (+0.39); support/resistance (+0.68)
  failed: trend alignment (+0.00); volume (-0.06); trend strength (ADX) (+0.00); no opposing divergence (-1.00); liquidity sweep (-1.00); candlestick confirmation (-0.60)
  + CHOCH up through 746.68 on 15m (6 bars ago)
  - bearish price/OBV divergence on 15m
  - liquidity grab above highs at 747.26 on 5m
  + price in discount of swing range 739.51–755.58 (position 0.16)
  + price above VWAP on 15m
  - candlesticks: shooting_star (15m)
  + MACD histogram +0.454 and falling on 15m
  + RSI(14) = 61 on 15m
  - net selling pressure -0.06 on 15m
  + higher-timeframe trend: 1d=range, 4h=range
  + supertrend: 1d=bear, 4h=bull
  + EMA stack: 0/4 timeframes bullish, 0 bearish
  + ADX 19: no meaningful trend on 15m
2026-07-26T01:19:45.777Z INFO     optionspilot.engine | SPY: long 21.6% | conservative | no trade
  gate: average setup: confidence 21.6% < required 80% (conservative mode)
  passed: market structure (+1.00); momentum (+0.49); support/resistance (+0.68); candlestick confirmation (+1.00)
  failed: trend alignment (+0.00); volume (+0.03); trend strength (ADX) (+0.00); no opposing divergence (-1.00); liquidity sweep (-1.00)
  + BOS up through 748.01 on 15m (0 bars ago)
  - bearish price/OBV divergence on 15m
  - liquidity grab above highs at 746.68 on 15m
  + candlesticks: bullish_engulfing (15m), morning_star (15m), bullish_engulfing (5m)
  + RSI(14) = 64 on 15m
  + price in discount of swing range 739.51–755.58 (position 0.16)
  + EMA stack: 2/4 timeframes bullish, 0 bearish
  + price above VWAP on 15m
  + MACD histogram +0.441 and falling on 15m
  + net buying pressure +0.03 on 15m
  + higher-timeframe trend: 1d=range, 4h=range
  + supertrend: 1d=bear, 4h=bull
  + ADX 19: no meaningful trend on 15m
2026-07-26T01:19:45.859Z INFO     optionspilot.engine | SPY: long 19.6% | conservative | no trade
  gate: average setup: confidence 19.6% < required 80% (conservative mode)
  passed: market structure (+1.00); momentum (+0.54); support/resistance (+0.68); trend strength (ADX) (+0.40)
  failed: trend alignment (+0.00); volume (-0.02); no opposing divergence (-1.00); liquidity sweep (-1.00)
  + BOS up through 748.01 on 15m (1 bars ago)
  - bearish price/OBV divergence on 15m
  - liquidity grab above highs at 746.68 on 15m
  + RSI(14) = 65 on 15m
  + price in discount of swing range 739.51–755.58 (position 0.16)
  + EMA stack: 2/4 timeframes bullish, 0 bearish
  + price above VWAP on 15m
  + MACD histogram +0.433 and falling on 15m
  + ADX 20 with +DI leading on 15m
  - net selling pressure -0.02 on 15m
  + higher-timeframe trend: 1d=range, 4h=range
  + supertrend: 1d=bear, 4h=bull
2026-07-26T01:19:45.926Z INFO     optionspilot.engine | SPY: long 19.3% | conservative | no trade
  gate: average setup: confidence 19.3% < required 80% (conservative mode)
  passed: market structure (+1.00); momentum (+0.53); support/resistance (+0.68); trend strength (ADX) (+0.42)
  failed: trend alignment (+0.00); volume (-0.05); no opposing divergence (-1.00); liquidity sweep (-1.00)
  + BOS up through 748.01 on 15m (2 bars ago)
  - bearish price/OBV divergence on 15m
  - liquidity grab above highs at 746.68 on 15m
  + RSI(14) = 65 on 15m
  + price in discount of swing range 739.51–755.58 (position 0.16)
  + EMA stack: 2/4 timeframes bullish, 0 bearish
  + price above VWAP on 15m
  + MACD histogram +0.397 and falling on 15m
  + ADX 21 with +DI leading on 15m
  - net selling pressure -0.05 on 15m
  + higher-timeframe trend: 1d=range, 4h=range
  + supertrend: 1d=bear, 4h=bull
2026-07-26T01:19:46.014Z INFO     optionspilot.engine | SPY: long 20.8% | conservative | no trade
  gate: average setup: confidence 20.8% < required 80% (conservative mode)
  passed: market structure (+1.00); momentum (+0.54); support/resistance (+0.68); trend strength (ADX) (+0.43)
  failed: trend alignment (+0.00); volume (+0.10); no opposing divergence (-1.00); liquidity sweep (-1.00)
  + BOS up through 748.78 on 5m (1 bars ago)
  - bearish price/OBV divergence on 15m
  - liquidity grab above highs at 748.78 on 5m
  + RSI(14) = 65 on 15m
  + price in discount of swing range 739.51–755.58 (position 0.16)
  + EMA stack: 2/4 timeframes bullish, 0 bearish
  + price above VWAP on 15m
  + MACD histogram +0.354 and falling on 15m
  + ADX 22 with +DI leading on 15m
  + net buying pressure +0.10 on 15m
  + higher-timeframe trend: 1d=range, 4h=range
  + supertrend: 1d=bear, 4h=bull
2026-07-26T01:19:46.093Z INFO     optionspilot.engine | SPY: long 24.5% | conservative | no trade
  gate: average setup: confidence 24.5% < required 80% (conservative mode)
  passed: market structure (+1.00); volume (+0.30); momentum (+0.52); support/resistance (+0.68); trend strength (ADX) (+0.45)
  failed: trend alignment (+0.00); liquidity sweep (-1.00); candlestick confirmation (-0.60)
  + BOS up through 748.01 on 15m (4 bars ago)
  - liquidity grab above highs at 748.78 on 5m
  + RSI(14) = 65 on 15m
  + price in discount of swing range 739.51–755.58 (position 0.16)
  + price above VWAP on 15m
  - candlesticks: bearish_engulfing (5m)
  + MACD histogram +0.296 and falling on 15m
  + ADX 22 with +DI leading on 15m
  + net buying pressure +0.30 on 15m
  + EMA stack: 1/4 timeframes bullish, 0 bearish
  + higher-timeframe trend: 1d=range, 4h=range
  + supertrend: 1d=bear, 4h=bull
2026-07-26T01:19:46.180Z INFO     optionspilot.engine | SPY: long 4.9% | conservative | no trade
  gate: poor setup: confidence 4.9% < required 80% (conservative mode)
  passed: volume (+0.19); momentum (+0.45); support/resistance (+0.68); trend strength (ADX) (+0.45)
  failed: trend alignment (+0.00); market structure (-0.70); liquidity sweep (-1.00); no consolidation (-0.50)
  - CHOCH down through 748.40 on 5m (2 bars ago)
  - liquidity grab above highs at 748.78 on 5m
  + price in discount of swing range 739.51–755.58 (position 0.16)
  + RSI(14) = 62 on 15m
  + price above VWAP on 15m
  + MACD histogram +0.222 and falling on 15m
  + ADX 23 with +DI leading on 15m
  + EMA stack: 1/4 timeframes bullish, 0 bearish
  + net buying pressure +0.19 on 15m
  + higher-timeframe trend: 1d=range, 4h=range
  + supertrend: 1d=bear, 4h=bull
  - entry timeframe is consolidating — confidence damped 25%
2026-07-26T01:19:46.248Z INFO     optionspilot.engine | SPY: long 22.1% | conservative | no trade
  gate: average setup: confidence 22.1% < required 80% (conservative mode)
  passed: volume (+0.17); momentum (+0.50); support/resistance (+0.68); trend strength (ADX) (+0.46); liquidity sweep (+1.00); candlestick confirmation (+1.00)
  failed: trend alignment (+0.00); market structure (-0.70); no consolidation (-0.50)
  - CHOCH down through 748.40 on 5m (5 bars ago)
  + liquidity grab below lows at 748.40 on 5m
  + candlesticks: bullish_engulfing (15m), hammer (5m)
  + RSI(14) = 64 on 15m
  + price in discount of swing range 739.51–755.58 (position 0.16)
  + EMA stack: 2/4 timeframes bullish, 0 bearish
  + price above VWAP on 15m
  + MACD histogram +0.176 and falling on 15m
  + ADX 23 with +DI leading on 15m
  + net buying pressure +0.17 on 15m
  + higher-timeframe trend: 1d=range, 4h=range
  + supertrend: 1d=bear, 4h=bull
  - entry timeframe is consolidating — confidence damped 25%
2026-07-26T01:19:46.320Z INFO     optionspilot.engine | SPY: long 32.2% | conservative | no trade
  gate: average setup: confidence 32.2% < required 80% (conservative mode)
  passed: market structure (+1.00); momentum (+0.48); support/resistance (+0.68); trend strength (ADX) (+0.47); liquidity sweep (+1.00)
  failed: trend alignment (+0.00); volume (+0.06); no consolidation (-0.50)
  + BOS up through 748.01 on 15m (7 bars ago)
  + liquidity grab below lows at 748.40 on 5m
  + RSI(14) = 63 on 15m
  + price in discount of swing range 739.51–755.58 (position 0.16)
  + price above VWAP on 15m
  + MACD histogram +0.125 and falling on 15m
  + ADX 23 with +DI leading on 15m
  + EMA stack: 1/4 timeframes bullish, 0 bearish
  + net buying pressure +0.06 on 15m
  + higher-timeframe trend: 1d=range, 4h=range
  + supertrend: 1d=bear, 4h=bull
  - entry timeframe is consolidating — confidence damped 25%
2026-07-26T01:19:46.397Z INFO     optionspilot.engine | SPY: long 5.9% | conservative | no trade
  gate: poor setup: confidence 5.9% < required 80% (conservative mode)
  passed: momentum (+0.34); support/resistance (+0.68); trend strength (ADX) (+0.46); liquidity sweep (+1.00)
  failed: trend alignment (+0.00); market structure (-1.00); volume (-0.01); candlestick confirmation (-0.60); no consolidation (-0.50)
  - BOS down through 748.22 on 5m (0 bars ago)
  + liquidity grab below lows at 748.40 on 5m
  + price in discount of swing range 739.51–755.58 (position 0.16)
  + price above VWAP on 15m
  - candlesticks: evening_star (15m)
  + MACD histogram +0.051 and falling on 15m
  + ADX 23 with +DI leading on 15m
  + RSI(14) = 59 on 15m
  - net selling pressure -0.01 on 15m
  + higher-timeframe trend: 1d=range, 4h=range
  + supertrend: 1d=bear, 4h=bull
  + EMA stack: 0/4 timeframes bullish, 0 bearish
  - entry timeframe is consolidating — confidence damped 25%
2026-07-26T01:19:46.469Z INFO     optionspilot.engine | SPY: long 0.7% | conservative | no trade
  gate: poor setup: confidence 0.7% < required 80% (conservative mode)
  passed: support/resistance (+0.68); trend strength (ADX) (+0.46); liquidity sweep (+1.00)
  failed: trend alignment (+0.00); market structure (-1.00); volume (-0.01); momentum (-0.35)
  - BOS down through 748.22 on 5m (3 bars ago)
  - MACD histogram -0.003 and falling on 15m
  + liquidity grab below lows at 748.22 on 5m
  + price in discount of swing range 739.51–755.58 (position 0.16)
  + price above VWAP on 15m
  + ADX 23 with +DI leading on 15m
  + RSI(14) = 60 on 15m
  - net selling pressure -0.01 on 15m
  + higher-timeframe trend: 1d=range, 4h=range
  + supertrend: 1d=bear, 4h=bull
  + EMA stack: 0/4 timeframes bullish, 0 bearish
2026-07-26T01:19:46.539Z INFO     optionspilot.engine | SPY: long 7.6% | conservative | no trade
  gate: poor setup: confidence 7.6% < required 80% (conservative mode)
  passed: support/resistance (+0.68); trend strength (ADX) (+0.46); liquidity sweep (+1.00); candlestick confirmation (+0.60)
  failed: trend alignment (+0.00); market structure (-1.00); volume (-0.02); momentum (-0.28)
  - BOS down through 748.22 on 5m (6 bars ago)
  - MACD histogram -0.025 and falling on 15m
  + liquidity grab below lows at 748.22 on 5m
  + price in discount of swing range 739.51–755.58 (position 0.16)
  + price above VWAP on 15m
  + candlesticks: morning_star (15m)
  + RSI(14) = 62 on 15m
  + ADX 23 with +DI leading on 15m
  + EMA stack: 1/4 timeframes bullish, 0 bearish
  - net selling pressure -0.02 on 15m
  + higher-timeframe trend: 1d=range, 4h=range
  + supertrend: 1d=bear, 4h=bull
2026-07-26T01:19:46.611Z INFO     optionspilot.engine | SPY: long 1.6% | conservative | no trade
  gate: poor setup: confidence 1.6% < required 80% (conservative mode)
  passed: support/resistance (+0.68); trend strength (ADX) (+0.46); liquidity sweep (+1.00)
  failed: trend alignment (+0.00); market structure (-1.00); volume (-0.12); momentum (-0.33); no consolidation (-0.50)
  - BOS down through 748.22 on 5m (9 bars ago)
  - MACD histogram -0.056 and falling on 15m
  + liquidity grab below lows at 748.22 on 5m
  + price in discount of swing range 739.51–755.58 (position 0.16)
  + price above VWAP on 15m
  + ADX 23 with +DI leading on 15m
  + RSI(14) = 60 on 15m
  + EMA stack: 1/4 timeframes bullish, 0 bearish
  - net selling pressure -0.12 on 15m
  + higher-timeframe trend: 1d=range, 4h=range
  + supertrend: 1d=bear, 4h=bull
  - entry timeframe is consolidating — confidence damped 25%
2026-07-26T01:19:46.673Z INFO     optionspilot.engine | SPY: long 13.9% | conservative | no trade
  gate: poor setup: confidence 13.9% < required 80% (conservative mode)
  passed: market structure (+1.00); support/resistance (+0.68); trend strength (ADX) (+0.46)
  failed: trend alignment (+0.00); volume (-0.11); momentum (-0.38); no consolidation (-0.50)
  + BOS up through 748.01 on 15m (12 bars ago)
  - MACD histogram -0.089 and falling on 15m
  + price in discount of swing range 739.51–755.58 (position 0.16)
  + price above VWAP on 15m
  + ADX 23 with +DI leading on 15m
  + RSI(14) = 59 on 15m
  - net selling pressure -0.11 on 15m
  + higher-timeframe trend: 1d=range, 4h=range
  + supertrend: 1d=bear, 4h=bull
  + EMA stack: 0/4 timeframes bullish, 0 bearish
  - entry timeframe is consolidating — confidence damped 25%
2026-07-26T01:19:46.745Z INFO     optionspilot.engine | SPY: long 4.3% | conservative | no trade
  gate: poor setup: confidence 4.3% < required 80% (conservative mode)
  passed: support/resistance (+0.68); trend strength (ADX) (+0.45)
  failed: trend alignment (+0.00); volume (-0.09); momentum (-0.37); no consolidation (-0.50)
  - MACD histogram -0.111 and falling on 15m
  + price in discount of swing range 739.51–755.58 (position 0.16)
  + price above VWAP on 15m
  + ADX 23 with +DI leading on 15m
  + RSI(14) = 59 on 15m
  - net selling pressure -0.09 on 15m
  + higher-timeframe trend: 1d=range, 4h=range
  + supertrend: 1d=bear, 4h=bull
  + EMA stack: 0/4 timeframes bullish, 0 bearish
  - entry timeframe is consolidating — confidence damped 25%
2026-07-26T01:19:46.826Z INFO     optionspilot.engine | SPY: long 10.5% | conservative | no trade
  gate: poor setup: confidence 10.5% < required 80% (conservative mode)
  passed: support/resistance (+0.68); trend strength (ADX) (+0.45)
  failed: trend alignment (+0.00); volume (-0.40); momentum (-0.00); no consolidation (-0.50)
  + price in discount of swing range 739.51–755.58 (position 0.16)
  + EMA stack: 2/4 timeframes bullish, 0 bearish
  + price above VWAP on 15m
  - elevated volume (1.9x average) confirming flow on 15m
  - MACD histogram -0.110 and rising on 15m
  + RSI(14) = 61 on 15m
  + ADX 23 with +DI leading on 15m
  - net selling pressure -0.03 on 15m
  + higher-timeframe trend: 1d=range, 4h=range
  + supertrend: 1d=bear, 4h=bull
  - entry timeframe is consolidating — confidence damped 25%
2026-07-26T01:19:46.939Z INFO     optionspilot.engine | SPY: long 12.4% | conservative | no trade
  gate: poor setup: confidence 12.4% < required 80% (conservative mode)
  passed: trend alignment (+0.50); support/resistance (+0.68); trend strength (ADX) (+0.46); liquidity sweep (+1.00)
  failed: volume (-0.56); momentum (-0.38); no consolidation (-0.50)
  + higher-timeframe trend: 1d=range, 4h=up
  - MACD histogram -0.124 and falling on 15m
  + liquidity grab below lows at 748.12 on 5m
  - elevated volume (4.7x average) confirming flow on 15m
  + price in discount of swing range 739.51–755.58 (position 0.16)
  + price above VWAP on 15m
  + ADX 23 with +DI leading on 15m
  + RSI(14) = 58 on 15m
  - net selling pressure -0.11 on 15m
  + supertrend: 1d=bear, 4h=bull
  + EMA stack: 0/4 timeframes bullish, 0 bearish
  - entry timeframe is consolidating — confidence damped 25%
2026-07-26T01:19:47.045Z INFO     optionspilot.engine | SPY: long 9.8% | conservative | no trade
  gate: poor setup: confidence 9.8% < required 80% (conservative mode)
  passed: trend alignment (+1.00); volume (+0.52); liquidity sweep (+1.00)
  failed: market structure (-0.70); momentum (-0.50); support/resistance (-0.41); trend strength (ADX) (-0.45)
  + higher-timeframe trend: 1d=up, 4h=up
  - CHOCH down through 747.94 on 15m (0 bars ago)
  - MACD histogram -0.181 and falling on 15m
  + liquidity grab below lows at 748.12 on 5m
  + elevated volume (2.7x average) confirming flow on 15m
  - price at unmitigated resistance (bearish FVG/OB) on 15m
  + price above VWAP on 15m
  - ADX 22 with -DI leading on 15m
  + EMA stack: 1/4 timeframes bullish, 0 bearish
  + net buying pressure +0.03 on 15m
  - price in equilibrium of swing range 740.80–755.58 (position 0.51)
  + supertrend: 1d=bear, 4h=bull
  + RSI(14) = 50 on 15m
2026-07-26T01:19:47.116Z INFO     optionspilot.engine | SPY: long 45.5% | conservative | no trade
  gate: good setup: confidence 45.5% < required 80% (conservative mode)
  passed: trend alignment (+1.00); market structure (+0.70); volume (+0.34); trend strength (ADX) (+0.42); liquidity sweep (+1.00)
  failed: momentum (-0.04); support/resistance (-0.01)
  + higher-timeframe trend: 1d=up, 4h=up
  + CHOCH up through 748.64 on 15m (0 bars ago)
  + liquidity grab below lows at 748.12 on 5m
  + EMA stack: 2/4 timeframes bullish, 0 bearish
  + price above VWAP on 15m
  - MACD histogram -0.138 and rising on 15m
  + ADX 21 with +DI leading on 15m
  + elevated volume (1.4x average) confirming flow on 15m
  + RSI(14) = 60 on 15m
  + net buying pressure +0.12 on 15m
  - price in equilibrium of swing range 740.80–755.58 (position 0.51)
  + supertrend: 1d=bear, 4h=bull
2026-07-26T01:19:47.196Z INFO     optionspilot.engine | SPY: long 13.8% | conservative | no trade
  gate: poor setup: confidence 13.8% < required 80% (conservative mode)
  passed: trend alignment (+1.00); market structure (+0.70); support/resistance (+0.39); trend strength (ADX) (+0.41)
  failed: volume (+0.10); momentum (-0.50); no opposing divergence (-1.00); liquidity sweep (-1.00)
  + higher-timeframe trend: 1d=up, 4h=up
  + CHOCH up through 748.64 on 15m (1 bars ago)
  - MACD histogram -0.144 and falling on 15m
  - bearish price/OBV divergence on 15m
  - liquidity grab above highs at 748.70 on 5m
  + price at unmitigated support (bullish FVG/OB) on 15m
  + price above VWAP on 15m
  + ADX 21 with +DI leading on 15m
  + EMA stack: 1/4 timeframes bullish, 0 bearish
  + net buying pressure +0.10 on 15m
  - price in equilibrium of swing range 740.80–755.58 (position 0.51)
  + supertrend: 1d=bear, 4h=bull
  + RSI(14) = 55 on 15m
2026-07-26T01:19:47.274Z INFO     optionspilot.engine | SPY: short 4.2% | conservative | no trade
  gate: poor setup: confidence 4.2% < required 80% (conservative mode)
  passed: momentum (+0.50); support/resistance (+0.41); no opposing divergence (+1.00); liquidity sweep (+1.00)
  failed: trend alignment (-1.00); market structure (-0.70); volume (-0.08); trend strength (ADX) (-0.00)
  - higher-timeframe trend: 1d=up, 4h=up
  - CHOCH up through 748.64 on 15m (2 bars ago)
  + MACD histogram -0.206 and falling on 15m
  + bearish price/OBV divergence on 15m
  + liquidity grab above highs at 748.70 on 5m
  + price at unmitigated resistance (bearish FVG/OB) on 15m
  + price below VWAP on 15m
  - EMA stack: 1/4 timeframes bullish, 0 bearish
  - net buying pressure +0.08 on 15m
  + price in equilibrium of swing range 740.80–755.58 (position 0.51)
  + supertrend: 1d=bear, 4h=bull
  + RSI(14) = 47 on 15m
  + ADX 19: no meaningful trend on 15m
2026-07-26T01:19:47.354Z INFO     optionspilot.engine | SPY: short 3.4% | conservative | no trade
  gate: poor setup: confidence 3.4% < required 80% (conservative mode)
  passed: momentum (+0.55); no opposing divergence (+1.00); liquidity sweep (+1.00)
  failed: trend alignment (-1.00); market structure (-0.70); volume (+0.00); support/resistance (+0.01); trend strength (ADX) (-0.00)
  - higher-timeframe trend: 1d=up, 4h=up
  - CHOCH up through 748.64 on 15m (3 bars ago)
  + MACD histogram -0.273 and falling on 15m
  + bearish price/OBV divergence on 15m
  + liquidity grab above highs at 748.70 on 5m
  + price below VWAP on 15m
  + RSI(14) = 44 on 15m
  + price in equilibrium of swing range 740.80–755.58 (position 0.51)
  + net selling pressure -0.00 on 15m
  + supertrend: 1d=bear, 4h=bull
  + EMA stack: 1/4 timeframes bullish, 1 bearish
  + ADX 19: no meaningful trend on 15m
2026-07-26T01:19:47.460Z INFO     optionspilot.engine | SPY: long 28.0% | conservative | no trade
  gate: average setup: confidence 28.0% < required 80% (conservative mode)
  passed: trend alignment (+1.00); market structure (+0.70); liquidity sweep (+1.00)
  failed: volume (+0.06); momentum (-0.20); support/resistance (-0.01); trend strength (ADX) (+0.00); no opposing divergence (-1.00)
  + higher-timeframe trend: 1d=up, 4h=up
  + CHOCH up through 748.64 on 15m (4 bars ago)
  - bearish price/OBV divergence on 15m
  + liquidity grab below lows at 747.94 on 15m
  + EMA stack: 2/4 timeframes bullish, 0 bearish
  + price above VWAP on 15m
  - MACD histogram -0.232 and rising on 15m
  + net buying pressure +0.06 on 15m
  - price in equilibrium of swing range 740.80–755.58 (position 0.51)
  + supertrend: 1d=bear, 4h=bull
  + RSI(14) = 52 on 15m
  + ADX 18: no meaningful trend on 15m
2026-07-26T01:19:47.548Z INFO     optionspilot.engine | SPY: long 34.5% | conservative | no trade
  gate: average setup: confidence 34.5% < required 80% (conservative mode)
  passed: trend alignment (+1.00); market structure (+0.70); support/resistance (+0.39); liquidity sweep (+1.00)
  failed: volume (+0.14); momentum (-0.10); trend strength (ADX) (+0.00); no opposing divergence (-1.00)
  + higher-timeframe trend: 1d=up, 4h=up
  + CHOCH up through 748.64 on 15m (5 bars ago)
  - bearish price/OBV divergence on 15m
  + liquidity grab below lows at 747.94 on 15m
  + EMA stack: 3/4 timeframes bullish, 0 bearish
  + price at unmitigated support (bullish FVG/OB) on 15m
  + price above VWAP on 15m
  - MACD histogram -0.139 and rising on 15m
  + RSI(14) = 58 on 15m
  + net buying pressure +0.14 on 15m
  - price in equilibrium of swing range 740.80–755.58 (position 0.51)
  + supertrend: 1d=bear, 4h=bull
  + ADX 17: no meaningful trend on 15m
2026-07-26T01:19:47.666Z INFO     optionspilot.engine | SPY: long 18.3% | conservative | no trade
  gate: poor setup: confidence 18.3% < required 80% (conservative mode)
  passed: trend alignment (+1.00); market structure (+1.00); volume (+0.17)
  failed: momentum (-0.01); support/resistance (-0.01); trend strength (ADX) (+0.00); no opposing divergence (-1.00); liquidity sweep (-1.00); candlestick confirmation (-0.60)
  + higher-timeframe trend: 1d=up, 4h=up
  + BOS up through 749.38 on 15m (0 bars ago)
  - bearish price/OBV divergence on 15m
  - liquidity grab above highs at 749.38 on 5m
  + EMA stack: 3/4 timeframes bullish, 0 bearish
  + price above VWAP on 15m
  - candlesticks: shooting_star (5m)
  - MACD histogram -0.043 and rising on 15m
  + RSI(14) = 61 on 15m
  + net buying pressure +0.17 on 15m
  - price in equilibrium of swing range 740.80–755.58 (position 0.51)
  + supertrend: 1d=bear, 4h=bull
  + ADX 17: no meaningful trend on 15m
2026-07-26T01:19:47.737Z INFO     optionspilot.engine | SPY: long 26.3% | conservative | no trade
  gate: poor setup: confidence 26.3% < required 80% (conservative mode)
  passed: trend alignment (+1.00); market structure (+1.00); support/resistance (+0.39); candlestick confirmation (+0.60)
  failed: volume (+0.13); momentum (-0.11); trend strength (ADX) (+0.00); no opposing divergence (-1.00); liquidity sweep (-1.00)
  + higher-timeframe trend: 1d=up, 4h=up
  + BOS up through 749.38 on 15m (1 bars ago)
  - bearish price/OBV divergence on 15m
  - liquidity grab above highs at 749.38 on 5m
  + EMA stack: 3/4 timeframes bullish, 0 bearish
  + price at unmitigated support (bullish FVG/OB) on 15m
  + price above VWAP on 15m
  + candlesticks: bullish_engulfing (5m)
  - MACD histogram -0.011 and rising on 15m
  + RSI(14) = 58 on 15m
  + net buying pressure +0.13 on 15m
  - price in equilibrium of swing range 740.80–755.58 (position 0.51)
  + supertrend: 1d=bear, 4h=bull
  + ADX 17: no meaningful trend on 15m
2026-07-26T01:19:47.876Z INFO     optionspilot.engine | SPY: long 38.5% | conservative | no trade
  gate: average setup: confidence 38.5% < required 80% (conservative mode)
  passed: trend alignment (+1.00); market structure (+1.00); volume (+0.17); momentum (+0.72); candlestick confirmation (+1.00)
  failed: support/resistance (-0.01); trend strength (ADX) (+0.00); no opposing divergence (-1.00); liquidity sweep (-1.00)
  + higher-timeframe trend: 1d=up, 4h=up
  + BOS up through 749.68 on 5m (0 bars ago)
  + MACD histogram +0.054 and rising on 15m
  - bearish price/OBV divergence on 15m
  - liquidity grab above highs at 749.38 on 5m
  + candlesticks: bullish_marubozu (15m), bullish_engulfing (5m)
  + EMA stack: 3/4 timeframes bullish, 0 bearish
  + price above VWAP on 15m
  + RSI(14) = 62 on 15m
  + net buying pressure +0.17 on 15m
  - price in equilibrium of swing range 740.80–755.58 (position 0.51)
  + supertrend: 1d=bear, 4h=bull
  + ADX 18: no meaningful trend on 15m
2026-07-26T01:19:47.956Z INFO     optionspilot.engine | SPY: long 34.5% | conservative | no trade
  gate: average setup: confidence 34.5% < required 80% (conservative mode)
  passed: trend alignment (+1.00); market structure (+1.00); volume (+0.18); momentum (+0.71)
  failed: support/resistance (-0.01); trend strength (ADX) (+0.00); no opposing divergence (-1.00); liquidity sweep (-1.00)
  + higher-timeframe trend: 1d=up, 4h=up
  + BOS up through 749.38 on 15m (3 bars ago)
  + MACD histogram +0.085 and rising on 15m
  - bearish price/OBV divergence on 15m
  - liquidity grab above highs at 749.38 on 15m
  + EMA stack: 3/4 timeframes bullish, 0 bearish
  + price above VWAP on 15m
  + RSI(14) = 61 on 15m
  + net buying pressure +0.18 on 15m
  - price in equilibrium of swing range 740.80–755.58 (position 0.51)
  + supertrend: 1d=bear, 4h=bull
  + ADX 18: no meaningful trend on 15m
2026-07-26T01:19:48.061Z INFO     optionspilot.engine | SPY: long 36.6% | conservative | no trade
  gate: average setup: confidence 36.6% < required 80% (conservative mode)
  passed: trend alignment (+1.00); market structure (+1.00); volume (+0.20); momentum (+0.73); candlestick confirmation (+0.60)
  failed: support/resistance (-0.01); trend strength (ADX) (+0.00); no opposing divergence (-1.00); liquidity sweep (-1.00)
  + higher-timeframe trend: 1d=up, 4h=up
  + BOS up through 749.38 on 15m (4 bars ago)
  + MACD histogram +0.104 and rising on 15m
  - bearish price/OBV divergence on 15m
  - liquidity grab above highs at 749.38 on 15m
  + EMA stack: 3/4 timeframes bullish, 0 bearish
  + price above VWAP on 15m
  + candlesticks: bullish_engulfing (15m)
  + RSI(14) = 62 on 15m
  + net buying pressure +0.20 on 15m
  - price in equilibrium of swing range 740.80–755.58 (position 0.51)
  + supertrend: 1d=bear, 4h=bull
  + ADX 19: no meaningful trend on 15m
2026-07-26T01:19:48.162Z INFO     optionspilot.engine | SPY: long 29.4% | conservative | no trade
  gate: average setup: confidence 29.4% < required 80% (conservative mode)
  passed: trend alignment (+1.00); market structure (+1.00); momentum (+0.40)
  failed: volume (+0.13); support/resistance (-0.01); trend strength (ADX) (+0.00); no opposing divergence (-1.00); liquidity sweep (-1.00)
  + higher-timeframe trend: 1d=up, 4h=up
  + BOS up through 749.38 on 15m (5 bars ago)
  - bearish price/OBV divergence on 15m
  - liquidity grab above highs at 749.38 on 15m
  + EMA stack: 3/4 timeframes bullish, 0 bearish
  + price above VWAP on 15m
  + RSI(14) = 61 on 15m
  + MACD histogram +0.100 and falling on 15m
  + net buying pressure +0.13 on 15m
  - price in equilibrium of swing range 740.80–755.58 (position 0.51)
  + supertrend: 1d=bear, 4h=bull
  + ADX 19: no meaningful trend on 15m
2026-07-26T01:19:48.245Z INFO     optionspilot.engine | SPY: long 32.2% | conservative | no trade
  gate: average setup: confidence 32.2% < required 80% (conservative mode)
  passed: trend alignment (+1.00); market structure (+1.00); volume (+0.24); momentum (+0.42); candlestick confirmation (+0.60)
  failed: support/resistance (-0.01); trend strength (ADX) (+0.00); no opposing divergence (-1.00); liquidity sweep (-1.00)
  + higher-timeframe trend: 1d=up, 4h=up
  + BOS up through 749.38 on 15m (6 bars ago)
  - bearish price/OBV divergence on 15m
  - liquidity grab above highs at 749.38 on 15m
  + EMA stack: 3/4 timeframes bullish, 0 bearish
  + price above VWAP on 15m
  + candlesticks: bullish_engulfing (5m)
  + RSI(14) = 62 on 15m
  + MACD histogram +0.092 and falling on 15m
  + net buying pressure +0.24 on 15m
  - price in equilibrium of swing range 740.80–755.58 (position 0.51)
  + supertrend: 1d=bear, 4h=bull
  + ADX 19: no meaningful trend on 15m
2026-07-26T01:19:48.328Z INFO     optionspilot.engine | SPY: long 13.0% | conservative | no trade
  gate: poor setup: confidence 13.0% < required 80% (conservative mode)
  passed: trend alignment (+1.00); market structure (+1.00); momentum (+0.25)
  failed: volume (+0.02); support/resistance (-0.01); trend strength (ADX) (+0.00); no opposing divergence (-1.00); liquidity sweep (-1.00); candlestick confirmation (-0.60); no consolidation (-0.50)
  + higher-timeframe trend: 1d=up, 4h=up
  + BOS up through 749.38 on 15m (7 bars ago)
  - bearish price/OBV divergence on 15m
  - liquidity grab above highs at 749.38 on 15m
  + price above VWAP on 15m
  - candlesticks: bearish_engulfing (15m)
  + MACD histogram +0.045 and falling on 15m
  + EMA stack: 1/4 timeframes bullish, 0 bearish
  + RSI(14) = 57 on 15m
  + net buying pressure +0.02 on 15m
  - price in equilibrium of swing range 740.80–755.58 (position 0.51)
  + supertrend: 1d=bear, 4h=bull
  + ADX 19: no meaningful trend on 15m
  - entry timeframe is consolidating — confidence damped 25%
2026-07-26T01:19:48.392Z INFO     optionspilot.engine | SPY: long 9.1% | conservative | no trade
  gate: poor setup: confidence 9.1% < required 80% (conservative mode)
  passed: trend alignment (+1.00); market structure (+1.00)
  failed: volume (-0.15); momentum (-0.50); support/resistance (-0.01); trend strength (ADX) (+0.00); no opposing divergence (-1.00); liquidity sweep (-1.00)
  + higher-timeframe trend: 1d=up, 4h=up
  + BOS up through 749.38 on 15m (8 bars ago)
  - MACD histogram -0.010 and falling on 15m
  - bearish price/OBV divergence on 15m
  - liquidity grab above highs at 749.38 on 15m
  + price above VWAP on 15m
  + EMA stack: 1/4 timeframes bullish, 0 bearish
  - net selling pressure -0.15 on 15m
  - price in equilibrium of swing range 740.80–755.58 (position 0.51)
  + supertrend: 1d=bear, 4h=bull
  + RSI(14) = 54 on 15m
  + ADX 18: no meaningful trend on 15m
2026-07-26T01:19:48.463Z INFO     optionspilot.engine | SPY: long 9.7% | conservative | no trade
  gate: poor setup: confidence 9.7% < required 80% (conservative mode)
  passed: trend alignment (+1.00); market structure (+1.00)
  failed: volume (-0.08); momentum (-0.50); support/resistance (-0.01); trend strength (ADX) (+0.00); no opposing divergence (-1.00); liquidity sweep (-1.00)
  + higher-timeframe trend: 1d=up, 4h=up
  + BOS up through 749.38 on 15m (9 bars ago)
  - MACD histogram -0.044 and falling on 15m
  - bearish price/OBV divergence on 15m
  - liquidity grab above highs at 749.38 on 15m
  + price above VWAP on 15m
  + EMA stack: 1/4 timeframes bullish, 0 bearish
  - net selling pressure -0.08 on 15m
  - price in equilibrium of swing range 740.80–755.58 (position 0.51)
  + supertrend: 1d=bear, 4h=bull
  + RSI(14) = 55 on 15m
  + ADX 18: no meaningful trend on 15m
2026-07-26T01:19:48.534Z INFO     optionspilot.engine | SPY: short 20.2% | conservative | no trade
  gate: poor setup: confidence 20.2% < required 80% (conservative mode)
  passed: market structure (+0.70); momentum (+0.50); no opposing divergence (+1.00); liquidity sweep (+1.00); candlestick confirmation (+0.60)
  failed: trend alignment (-1.00); volume (+0.08); support/resistance (+0.01); trend strength (ADX) (-0.00)
  - higher-timeframe trend: 1d=up, 4h=up
  + CHOCH down through 748.85 on 5m (1 bars ago)
  + MACD histogram -0.106 and falling on 15m
  + bearish price/OBV divergence on 15m
  + liquidity grab above highs at 749.38 on 15m
  + price below VWAP on 15m
  + candlesticks: bearish_engulfing (15m)
  - EMA stack: 1/4 timeframes bullish, 0 bearish
  + net selling pressure -0.08 on 15m
  + price in equilibrium of swing range 740.80–755.58 (position 0.51)
  + supertrend: 1d=bear, 4h=bull
  + RSI(14) = 49 on 15m
  + ADX 17: no meaningful trend on 15m
2026-07-26T01:19:48.609Z INFO     optionspilot.engine | SPY: short 6.3% | conservative | no trade
  gate: poor setup: confidence 6.3% < required 80% (conservative mode)
  passed: market structure (+0.70); momentum (+0.50); no opposing divergence (+1.00)
  failed: trend alignment (-1.00); volume (+0.06); support/resistance (-0.39); trend strength (ADX) (-0.00)
  - higher-timeframe trend: 1d=up, 4h=up
  + CHOCH down through 748.85 on 5m (4 bars ago)
  + MACD histogram -0.175 and falling on 15m
  + bearish price/OBV divergence on 15m
  - price at unmitigated support (bullish FVG/OB) on 15m
  + price below VWAP on 15m
  - EMA stack: 1/4 timeframes bullish, 0 bearish
  + net selling pressure -0.06 on 15m
  + price in equilibrium of swing range 740.80–755.58 (position 0.51)
  + supertrend: 1d=bear, 4h=bull
  + RSI(14) = 45 on 15m
  + ADX 16: no meaningful trend on 15m
2026-07-26T01:19:48.692Z INFO     optionspilot.engine | SPY: short 15.5% | conservative | no trade
  gate: poor setup: confidence 15.5% < required 80% (conservative mode)
  passed: market structure (+0.70); momentum (+0.50); support/resistance (+0.41); no opposing divergence (+1.00)
  failed: trend alignment (-1.00); volume (+0.11); trend strength (ADX) (-0.00)
  - higher-timeframe trend: 1d=up, 4h=up
  + CHOCH down through 748.85 on 5m (7 bars ago)
  + MACD histogram -0.185 and falling on 15m
  + bearish price/OBV divergence on 15m
  + price at unmitigated resistance (bearish FVG/OB) on 15m
  + price below VWAP on 15m
  - EMA stack: 1/4 timeframes bullish, 0 bearish
  + net selling pressure -0.11 on 15m
  + price in equilibrium of swing range 740.80–755.58 (position 0.51)
  + supertrend: 1d=bear, 4h=bull
  + RSI(14) = 49 on 15m
  + ADX 16: no meaningful trend on 15m
2026-07-26T01:19:48.776Z INFO     optionspilot.engine | SPY: short 14.3% | conservative | no trade
  gate: poor setup: confidence 14.3% < required 80% (conservative mode)
  passed: market structure (+0.70); volume (+0.16); momentum (+0.50); no opposing divergence (+1.00)
  failed: trend alignment (-1.00); support/resistance (+0.01); trend strength (ADX) (-0.00)
  - higher-timeframe trend: 1d=up, 4h=up
  + CHOCH down through 748.85 on 5m (10 bars ago)
  + MACD histogram -0.198 and falling on 15m
  + bearish price/OBV divergence on 15m
  + price below VWAP on 15m
  + net selling pressure -0.16 on 15m
  + price in equilibrium of swing range 740.80–755.58 (position 0.51)
  + supertrend: 1d=bear, 4h=bull
  + EMA stack: 1/4 timeframes bullish, 1 bearish
  + RSI(14) = 48 on 15m
  + ADX 16: no meaningful trend on 15m
2026-07-26T01:19:48.852Z INFO     optionspilot.engine | SPY: short 6.5% | conservative | no trade
  gate: poor setup: confidence 6.5% < required 80% (conservative mode)
  passed: volume (+0.20); momentum (+0.20); no opposing divergence (+1.00); liquidity sweep (+1.00)
  failed: trend alignment (-1.00); support/resistance (+0.01); trend strength (ADX) (-0.00)
  - higher-timeframe trend: 1d=up, 4h=up
  + bearish price/OBV divergence on 15m
  + liquidity grab above highs at 748.59 on 5m
  + price below VWAP on 15m
  + MACD histogram -0.191 and rising on 15m
  - EMA stack: 1/4 timeframes bullish, 0 bearish
  + net selling pressure -0.20 on 15m
  + price in equilibrium of swing range 740.80–755.58 (position 0.51)
  + supertrend: 1d=bear, 4h=bull
  + RSI(14) = 49 on 15m
  + ADX 15: no meaningful trend on 15m
2026-07-26T01:19:48.943Z INFO     optionspilot.engine | SPY: short 13.8% | conservative | no trade
  gate: poor setup: confidence 13.8% < required 80% (conservative mode)
  passed: market structure (+0.70); volume (+0.22); momentum (+0.53); no opposing divergence (+1.00); liquidity sweep (+1.00); candlestick confirmation (+0.60)
  failed: trend alignment (-1.00); support/resistance (-0.39); trend strength (ADX) (-0.00); no consolidation (-0.50)
  - higher-timeframe trend: 1d=up, 4h=up
  + CHOCH down through 748.01 on 15m (0 bars ago)
  + MACD histogram -0.214 and falling on 15m
  + bearish price/OBV divergence on 15m
  + liquidity grab above highs at 748.59 on 5m
  - price at unmitigated support (bullish FVG/OB) on 15m
  + price below VWAP on 15m
  + candlesticks: bearish_engulfing (15m)
  + net selling pressure -0.22 on 15m
  + RSI(14) = 44 on 15m
  + price in equilibrium of swing range 740.80–755.58 (position 0.51)
  + supertrend: 1d=bear, 4h=bull
  + EMA stack: 1/4 timeframes bullish, 1 bearish
  + ADX 15: no meaningful trend on 15m
  - entry timeframe is consolidating — confidence damped 25%
2026-07-26T01:19:49.024Z INFO     optionspilot.engine | SPY: short 16.3% | conservative | no trade
  gate: poor setup: confidence 16.3% < required 80% (conservative mode)
  passed: market structure (+0.70); volume (+0.25); momentum (+0.20); no opposing divergence (+1.00); liquidity sweep (+1.00)
  failed: trend alignment (-1.00); support/resistance (+0.01); trend strength (ADX) (-0.00)
  - higher-timeframe trend: 1d=up, 4h=up
  + CHOCH down through 748.01 on 15m (1 bars ago)
  + bearish price/OBV divergence on 15m
  + liquidity grab above highs at 748.59 on 5m
  + price below VWAP on 15m
  + MACD histogram -0.212 and rising on 15m
  + net selling pressure -0.25 on 15m
  + price in equilibrium of swing range 740.80–755.58 (position 0.51)
  + supertrend: 1d=bear, 4h=bull
  + EMA stack: 1/4 timeframes bullish, 1 bearish
  + RSI(14) = 45 on 15m
  + ADX 15: no meaningful trend on 15m
2026-07-26T01:19:49.111Z INFO     optionspilot.engine | SPY: short 17.7% | conservative | no trade
  gate: poor setup: confidence 17.7% < required 80% (conservative mode)
  passed: market structure (+0.70); volume (+0.53); momentum (+0.55); no opposing divergence (+1.00); candlestick confirmation (-0.00)
  failed: trend alignment (-1.00); support/resistance (+0.01); trend strength (ADX) (-0.00)
  - higher-timeframe trend: 1d=up, 4h=up
  + CHOCH down through 748.01 on 15m (2 bars ago)
  + MACD histogram -0.215 and falling on 15m
  + bearish price/OBV divergence on 15m
  + elevated volume (2.2x average) confirming flow on 15m
  + price below VWAP on 15m
  + net selling pressure -0.17 on 15m
  + RSI(14) = 44 on 15m
  + price in equilibrium of swing range 740.80–755.58 (position 0.51)
  + supertrend: 1d=bear, 4h=bull
  + EMA stack: 1/4 timeframes bullish, 1 bearish
  + ADX 16: no meaningful trend on 15m
  + candlesticks: hammer (15m), bearish_engulfing (15m)
2026-07-26T01:19:49.228Z INFO     optionspilot.engine | SPY: short 26.8% | conservative | no trade
  gate: poor setup: confidence 26.8% < required 80% (conservative mode)
  passed: market structure (+1.00); volume (+0.71); momentum (+0.68); no opposing divergence (+1.00)
  failed: trend alignment (-1.00); support/resistance (+0.01); trend strength (ADX) (-0.00)
  - higher-timeframe trend: 1d=up, 4h=up
  + BOS down through 747.36 on 5m (0 bars ago)
  + MACD histogram -0.237 and falling on 15m
  + bearish price/OBV divergence on 15m
  + elevated volume (6.0x average) confirming flow on 15m
  + price below VWAP on 15m
  + net selling pressure -0.41 on 15m
  + RSI(14) = 40 on 15m
  + price in equilibrium of swing range 740.80–755.58 (position 0.51)
  + supertrend: 1d=bear, 4h=bull
  + EMA stack: 1/4 timeframes bullish, 1 bearish
  + ADX 16: no meaningful trend on 15m
2026-07-26T01:19:49.366Z INFO     optionspilot.engine | SPY: short 13.3% | conservative | no trade
  gate: poor setup: confidence 13.3% < required 80% (conservative mode)
  passed: market structure (+1.00); volume (+0.56); momentum (+0.65); trend strength (ADX) (+0.41)
  failed: trend alignment (-1.00); support/resistance (-0.11)
  - higher-timeframe trend: 1d=up, 4h=up
  + BOS down through 747.36 on 5m (3 bars ago)
  + MACD histogram -0.591 and falling on 15m
  + elevated volume (5.7x average) confirming flow on 15m
  - price above VWAP on 15m
  + ADX 20 with -DI leading on 15m
  + RSI(14) = 19 on 15m
  + EMA stack: 0/4 timeframes bullish, 1 bearish
  + net selling pressure -0.13 on 15m
  - price in discount of swing range 740.80–755.58 (position 0.45)
  + supertrend: 1d=bear, 4h=bull
2026-07-26T01:19:49.448Z INFO     optionspilot.engine | SPY: short 22.9% | conservative | no trade
  gate: poor setup: confidence 22.9% < required 80% (conservative mode)
  passed: market structure (+0.70); volume (+0.52); momentum (+0.65); trend strength (ADX) (+0.48); candlestick confirmation (+0.60)
  failed: trend alignment (-1.00); support/resistance (-0.11)
  - higher-timeframe trend: 1d=up, 4h=up
  + CHOCH down through 748.01 on 15m (5 bars ago)
  + MACD histogram -0.925 and falling on 15m
  + EMA stack: 0/4 timeframes bullish, 2 bearish
  + elevated volume (2.1x average) confirming flow on 15m
  + price below VWAP on 15m
  + candlesticks: bearish_engulfing (5m)
  + ADX 24 with -DI leading on 15m
  + RSI(14) = 15 on 15m
  + net selling pressure -0.21 on 15m
  - price in discount of swing range 740.80–755.58 (position 0.45)
  + supertrend: 1d=bear, 4h=bull
2026-07-26T01:19:49.551Z INFO     optionspilot.engine | SPY: short 20.1% | conservative | no trade
  gate: poor setup: confidence 20.1% < required 80% (conservative mode)
  passed: market structure (+0.70); volume (+0.18); momentum (+0.65); trend strength (ADX) (+0.56); candlestick confirmation (+0.60)
  failed: trend alignment (-1.00); support/resistance (-0.11)
  - higher-timeframe trend: 1d=up, 4h=up
  + CHOCH down through 748.01 on 15m (6 bars ago)
  + MACD histogram -1.076 and falling on 15m
  + EMA stack: 0/4 timeframes bullish, 2 bearish
  + price below VWAP on 15m
  + candlesticks: shooting_star (5m)
  + ADX 28 with -DI leading on 15m
  + RSI(14) = 16 on 15m
  + net selling pressure -0.18 on 15m
  - price in discount of swing range 740.80–755.58 (position 0.45)
  + supertrend: 1d=bear, 4h=bull
2026-07-26T01:19:49.638Z INFO     optionspilot.engine | SPY: short 12.1% | conservative | no trade
  gate: poor setup: confidence 12.1% < required 80% (conservative mode)
  passed: market structure (+0.70); momentum (+0.65); trend strength (ADX) (+0.63)
  failed: trend alignment (-1.00); volume (+0.15); support/resistance (-0.11); candlestick confirmation (-0.60)
  - higher-timeframe trend: 1d=up, 4h=up
  + CHOCH down through 748.01 on 15m (7 bars ago)
  + MACD histogram -1.102 and falling on 15m
  + ADX 31 with -DI leading on 15m
  + EMA stack: 0/4 timeframes bullish, 2 bearish
  + price below VWAP on 15m
  - candlesticks: bullish_engulfing (5m)
  + RSI(14) = 17 on 15m
  + net selling pressure -0.15 on 15m
  - price in discount of swing range 740.80–755.58 (position 0.45)
  + supertrend: 1d=bear, 4h=bull
2026-07-26T01:19:49.724Z INFO     optionspilot.engine | SPY: short 12.4% | conservative | no trade
  gate: poor setup: confidence 12.4% < required 80% (conservative mode)
  passed: market structure (+0.70); volume (+0.19); momentum (+0.65); trend strength (ADX) (+0.69); candlestick confirmation (+0.60)
  failed: trend alignment (-1.00); support/resistance (-0.11); liquidity sweep (-1.00)
  - higher-timeframe trend: 1d=up, 4h=up
  + CHOCH down through 748.01 on 15m (8 bars ago)
  + MACD histogram -1.113 and falling on 15m
  - liquidity grab below lows at 738.87 on 5m
  + ADX 35 with -DI leading on 15m
  + EMA stack: 0/4 timeframes bullish, 2 bearish
  + price below VWAP on 15m
  + candlesticks: bearish_engulfing (5m)
  + RSI(14) = 15 on 15m
  + net selling pressure -0.19 on 15m
  - price in discount of swing range 740.80–755.58 (position 0.45)
  + supertrend: 1d=bear, 4h=bull
2026-07-26T01:19:49.810Z INFO     optionspilot.engine | SPY: short 12.4% | conservative | no trade
  gate: poor setup: confidence 12.4% < required 80% (conservative mode)
  passed: market structure (+1.00); volume (+0.19); momentum (+0.35); support/resistance (+0.35); trend strength (ADX) (+0.76)
  failed: trend alignment (-1.00); liquidity sweep (-1.00)
  - higher-timeframe trend: 1d=up, 4h=up
  + BOS down through 738.47 on 15m (0 bars ago)
  - liquidity grab below lows at 738.87 on 5m
  + ADX 38 with -DI leading on 15m
  + price at unmitigated resistance (bearish FVG/OB) on 15m
  + EMA stack: 0/4 timeframes bullish, 2 bearish
  + price below VWAP on 15m
  + MACD histogram -1.087 and rising on 15m
  + RSI(14) = 15 on 15m
  + net selling pressure -0.19 on 15m
  - price in discount of swing range 740.80–755.58 (position 0.45)
  + supertrend: 1d=bear, 4h=bull
2026-07-26T01:19:49.899Z INFO     optionspilot.engine | SPY: short 19.1% | conservative | no trade
  gate: poor setup: confidence 19.1% < required 80% (conservative mode)
  passed: market structure (+1.00); volume (+0.42); momentum (+0.65); trend strength (ADX) (+0.82); candlestick confirmation (+0.60)
  failed: trend alignment (-1.00); support/resistance (-0.11); liquidity sweep (-1.00)
  - higher-timeframe trend: 1d=up, 4h=up
  + BOS down through 738.47 on 15m (1 bars ago)
  + MACD histogram -1.107 and falling on 15m
  - liquidity grab below lows at 738.87 on 5m
  + ADX 41 with -DI leading on 15m
  + EMA stack: 0/4 timeframes bullish, 2 bearish
  + price below VWAP on 15m
  + candlesticks: three_black_crows (5m)
  + elevated volume (1.5x average) confirming flow on 15m
  + RSI(14) = 12 on 15m
  + net selling pressure -0.22 on 15m
  - price in discount of swing range 740.80–755.58 (position 0.45)
  + supertrend: 1d=bear, 4h=bull
2026-07-26T01:19:49.980Z INFO     optionspilot.engine | SPY: short 21.6% | conservative | no trade
  gate: poor setup: confidence 21.6% < required 80% (conservative mode)
  passed: market structure (+1.00); volume (+0.47); momentum (+0.35); trend strength (ADX) (+0.88)
  failed: trend alignment (-1.00); support/resistance (-0.11)
  - higher-timeframe trend: 1d=up, 4h=up
  + BOS down through 738.47 on 15m (2 bars ago)
  + ADX 44 with -DI leading on 15m
  + EMA stack: 0/4 timeframes bullish, 2 bearish
  + price below VWAP on 15m
  + MACD histogram -1.093 and rising on 15m
  + elevated volume (1.6x average) confirming flow on 15m
  + RSI(14) = 12 on 15m
  + net selling pressure -0.30 on 15m
  - price in discount of swing range 740.80–755.58 (position 0.45)
  + supertrend: 1d=bear, 4h=bull
2026-07-26T01:19:50.049Z INFO     optionspilot.engine | SPY: short 15.7% | conservative | no trade
  gate: poor setup: confidence 15.7% < required 80% (conservative mode)
  passed: market structure (+1.00); volume (+0.38); momentum (+0.35); trend strength (ADX) (+0.94)
  failed: trend alignment (-1.00); support/resistance (-0.11); candlestick confirmation (-0.60)
  - higher-timeframe trend: 1d=up, 4h=up
  + BOS down through 738.47 on 15m (3 bars ago)
  + ADX 47 with -DI leading on 15m
  + EMA stack: 0/4 timeframes bullish, 2 bearish
  + price below VWAP on 15m
  - candlesticks: bullish_engulfing (15m)
  + MACD histogram -0.964 and rising on 15m
  + RSI(14) = 17 on 15m
  + elevated volume (1.2x average) confirming flow on 15m
  + net selling pressure -0.28 on 15m
  - price in discount of swing range 740.80–755.58 (position 0.45)
  + supertrend: 1d=bear, 4h=bull
2026-07-26T01:19:50.141Z INFO     optionspilot.engine | SPY: short 9.4% | conservative | no trade
  gate: poor setup: confidence 9.4% < required 80% (conservative mode)
  passed: volume (+0.25); momentum (+0.70); trend strength (ADX) (+0.98)
  failed: trend alignment (-0.50); market structure (-0.70); support/resistance (-0.11)
  - CHOCH up through 737.66 on 5m (0 bars ago)
  - higher-timeframe trend: 1d=up, 4h=range
  + RSI(14) = 26 on 15m
  + ADX 49 with -DI leading on 15m
  + price below VWAP on 15m
  + MACD histogram -0.737 and rising on 15m
  + EMA stack: 0/4 timeframes bullish, 1 bearish
  + net selling pressure -0.25 on 15m
  - price in discount of swing range 740.80–755.58 (position 0.45)
  + supertrend: 1d=bear, 4h=bull
2026-07-26T01:19:50.217Z INFO     optionspilot.engine | SPY: short 12.9% | conservative | no trade
  gate: poor setup: confidence 12.9% < required 80% (conservative mode)
  passed: volume (+0.20); momentum (+0.67); support/resistance (+0.35); trend strength (ADX) (+1.00)
  failed: trend alignment (-0.50); market structure (-0.70)
  - CHOCH up through 737.66 on 5m (3 bars ago)
  - higher-timeframe trend: 1d=up, 4h=range
  + RSI(14) = 31 on 15m
  + ADX 50 with -DI leading on 15m
  + price at unmitigated resistance (bearish FVG/OB) on 15m
  + price below VWAP on 15m
  + MACD histogram -0.484 and rising on 15m
  + EMA stack: 0/4 timeframes bullish, 1 bearish
  + net selling pressure -0.20 on 15m
  - price in discount of swing range 740.80–755.58 (position 0.45)
  + supertrend: 1d=bear, 4h=bull
2026-07-26T01:19:50.306Z INFO     optionspilot.engine | SPY: short 19.1% | conservative | no trade
  gate: poor setup: confidence 19.1% < required 80% (conservative mode)
  passed: market structure (+1.00); volume (+0.32); momentum (+0.51); trend strength (ADX) (+1.00)
  failed: trend alignment (-0.50); support/resistance (-0.11)
  + BOS down through 738.47 on 15m (6 bars ago)
  - higher-timeframe trend: 1d=up, 4h=range
  + ADX 50 with -DI leading on 15m
  + RSI(14) = 36 on 15m
  - price above VWAP on 15m
  + MACD histogram -0.226 and rising on 15m
  + elevated volume (1.2x average) confirming flow on 15m
  + net selling pressure -0.15 on 15m
  - price in discount of swing range 740.80–755.58 (position 0.45)
  + supertrend: 1d=bear, 4h=bull
  + EMA stack: 0/4 timeframes bullish, 0 bearish
2026-07-26T01:19:50.398Z INFO     optionspilot.engine | SPY: short 5.9% | conservative | no trade
  gate: poor setup: confidence 5.9% < required 80% (conservative mode)
  passed: volume (+0.20); momentum (+0.56); trend strength (ADX) (+1.00); liquidity sweep (+1.00); candlestick confirmation (+1.00)
  failed: trend alignment (-0.50); market structure (-1.00); support/resistance (-0.11)
  - BOS up through 739.66 on 5m (1 bars ago)
  - higher-timeframe trend: 1d=up, 4h=range
  + liquidity grab above highs at 739.66 on 5m
  + ADX 50 with -DI leading on 15m
  + candlesticks: bearish_marubozu (5m), bearish_engulfing (5m)
  + RSI(14) = 34 on 15m
  - price above VWAP on 15m
  + MACD histogram -0.059 and rising on 15m
  + net selling pressure -0.20 on 15m
  - price in discount of swing range 740.80–755.58 (position 0.45)
  + supertrend: 1d=bear, 4h=bull
  + EMA stack: 0/4 timeframes bullish, 0 bearish
2026-07-26T01:19:50.476Z INFO     optionspilot.engine | SPY: long 8.9% | conservative | no trade
  gate: poor setup: confidence 8.9% < required 80% (conservative mode)
  passed: trend alignment (+0.50); market structure (+1.00); candlestick confirmation (+1.00)
  failed: volume (-0.05); momentum (+0.11); support/resistance (+0.11); trend strength (ADX) (-1.00); liquidity sweep (-1.00)
  + BOS up through 739.66 on 5m (4 bars ago)
  + higher-timeframe trend: 1d=up, 4h=range
  + MACD histogram +0.051 and rising on 15m
  - liquidity grab above highs at 739.66 on 5m
  - ADX 50 with -DI leading on 15m
  + candlesticks: hammer (15m), bullish_marubozu (5m), bullish_engulfing (5m), morning_star (5m)
  - RSI(14) = 33 on 15m
  - price below VWAP on 15m
  - EMA stack: 0/4 timeframes bullish, 1 bearish
  + price in discount of swing range 740.80–755.58 (position 0.45)
  - net selling pressure -0.05 on 15m
  + supertrend: 1d=bear, 4h=bull
2026-07-26T01:19:50.548Z INFO     optionspilot.engine | SPY: long 1.4% | conservative | no trade
  gate: poor setup: confidence 1.4% < required 80% (conservative mode)
  passed: trend alignment (+0.50); market structure (+1.00)
  failed: volume (-0.20); momentum (+0.10); support/resistance (+0.11); trend strength (ADX) (-1.00); liquidity sweep (-1.00)
  + BOS up through 739.66 on 5m (7 bars ago)
  + higher-timeframe trend: 1d=up, 4h=range
  + MACD histogram +0.138 and rising on 15m
  - liquidity grab above highs at 739.66 on 5m
  - ADX 51 with -DI leading on 15m
  - RSI(14) = 33 on 15m
  - price below VWAP on 15m
  - EMA stack: 0/4 timeframes bullish, 1 bearish
  - net selling pressure -0.20 on 15m
  + price in discount of swing range 740.80–755.58 (position 0.45)
  + supertrend: 1d=bear, 4h=bull
2026-07-26T01:19:50.623Z INFO     optionspilot.engine | SPY: long 3.8% | conservative | no trade
  gate: poor setup: confidence 3.8% < required 80% (conservative mode)
  passed: trend alignment (+0.50); market structure (+1.00); candlestick confirmation (+0.60)
  failed: volume (-0.31); momentum (+0.14); support/resistance (+0.11); trend strength (ADX) (-1.00); liquidity sweep (-1.00)
  + BOS up through 738.94 on 5m (1 bars ago)
  + higher-timeframe trend: 1d=up, 4h=range
  + MACD histogram +0.216 and rising on 15m
  - liquidity grab above highs at 738.94 on 5m
  - ADX 51 with -DI leading on 15m
  - RSI(14) = 34 on 15m
  - price below VWAP on 15m
  + candlesticks: bullish_engulfing (15m)
  - elevated volume (1.3x average) confirming flow on 15m
  - EMA stack: 0/4 timeframes bullish, 1 bearish
  - net selling pressure -0.09 on 15m
  + price in discount of swing range 740.80–755.58 (position 0.45)
  + supertrend: 1d=bear, 4h=bull
2026-07-26T01:19:50.712Z INFO     optionspilot.engine | SPY: short 31.9% | conservative | no trade
  gate: poor setup: confidence 31.9% < required 80% (conservative mode)
  passed: market structure (+1.00); momentum (+0.28); trend strength (ADX) (+1.00); liquidity sweep (+1.00)
  failed: trend alignment (-0.50); volume (+0.10); support/resistance (-0.11)
  + BOS down through 737.75 on 15m (0 bars ago)
  - higher-timeframe trend: 1d=up, 4h=range
  + RSI(14) = 31 on 15m
  + liquidity grab above highs at 738.94 on 5m
  + ADX 51 with -DI leading on 15m
  + EMA stack: 0/4 timeframes bullish, 2 bearish
  + price below VWAP on 15m
  - MACD histogram +0.210 and falling on 15m
  + net selling pressure -0.10 on 15m
  - price in discount of swing range 740.80–755.58 (position 0.45)
  + supertrend: 1d=bear, 4h=bull
2026-07-26T01:19:50.804Z INFO     optionspilot.engine | SPY: short 17.2% | conservative | no trade
  gate: poor setup: confidence 17.2% < required 80% (conservative mode)
  passed: market structure (+1.00); momentum (+0.30); trend strength (ADX) (+1.00)
  failed: trend alignment (-0.50); volume (+0.14); support/resistance (-0.11); liquidity sweep (-1.00)
  + BOS down through 737.27 on 5m (0 bars ago)
  - higher-timeframe trend: 1d=up, 4h=range
  + RSI(14) = 29 on 15m
  - liquidity grab below lows at 737.79 on 5m
  + ADX 51 with -DI leading on 15m
  + EMA stack: 0/4 timeframes bullish, 2 bearish
  + price below VWAP on 15m
  - MACD histogram +0.183 and falling on 15m
  + net selling pressure -0.14 on 15m
  - price in discount of swing range 740.80–755.58 (position 0.45)
  + supertrend: 1d=bear, 4h=bull
2026-07-26T01:19:50.896Z INFO     optionspilot.engine | SPY: short 19.6% | conservative | no trade
  gate: poor setup: confidence 19.6% < required 80% (conservative mode)
  passed: market structure (+1.00); momentum (+0.30); trend strength (ADX) (+1.00); candlestick confirmation (+0.60)
  failed: trend alignment (-0.50); volume (+0.09); support/resistance (-0.11); liquidity sweep (-1.00)
  + BOS down through 737.75 on 15m (2 bars ago)
  - higher-timeframe trend: 1d=up, 4h=range
  + RSI(14) = 28 on 15m
  - liquidity grab below lows at 737.79 on 5m
  + ADX 52 with -DI leading on 15m
  + EMA stack: 0/4 timeframes bullish, 2 bearish
  + price below VWAP on 15m
  + candlesticks: shooting_star (5m)
  - MACD histogram +0.168 and falling on 15m
  + net selling pressure -0.09 on 15m
  - price in discount of swing range 740.80–755.58 (position 0.45)
  + supertrend: 1d=bear, 4h=bull
2026-07-26T01:19:50.974Z INFO     optionspilot.engine | SPY: short 3.9% | conservative | no trade
  gate: poor setup: confidence 3.9% < required 80% (conservative mode)
  passed: market structure (+1.00); trend strength (ADX) (+1.00)
  failed: trend alignment (-0.50); volume (+0.03); momentum (-0.05); support/resistance (-0.11); liquidity sweep (-1.00); candlestick confirmation (-0.60)
  + BOS down through 737.75 on 15m (3 bars ago)
  - higher-timeframe trend: 1d=up, 4h=range
  - MACD histogram +0.195 and rising on 15m
  - liquidity grab below lows at 737.79 on 5m
  + RSI(14) = 32 on 15m
  + ADX 52 with -DI leading on 15m
  + price below VWAP on 15m
  - candlesticks: bullish_engulfing (15m)
  + EMA stack: 0/4 timeframes bullish, 1 bearish
  - price in discount of swing range 740.80–755.58 (position 0.45)
  + net selling pressure -0.03 on 15m
  + supertrend: 1d=bear, 4h=bull
2026-07-26T01:19:51.067Z INFO     optionspilot.engine | SPY: short 15.7% | conservative | no trade
  gate: poor setup: confidence 15.7% < required 80% (conservative mode)
  passed: market structure (+1.00); momentum (+0.30); trend strength (ADX) (+1.00)
  failed: trend alignment (-0.50); volume (-0.04); support/resistance (-0.11); liquidity sweep (-1.00)
  + BOS down through 737.75 on 15m (4 bars ago)
  - higher-timeframe trend: 1d=up, 4h=range
  + RSI(14) = 29 on 15m
  - liquidity grab below lows at 736.80 on 5m
  + ADX 52 with -DI leading on 15m
  + EMA stack: 0/4 timeframes bullish, 2 bearish
  + price below VWAP on 15m
  - MACD histogram +0.185 and falling on 15m
  - price in discount of swing range 740.80–755.58 (position 0.45)
  - net buying pressure +0.04 on 15m
  + supertrend: 1d=bear, 4h=bull
2026-07-26T01:19:51.151Z INFO     optionspilot.engine | SPY: short 8.8% | conservative | no trade
  gate: poor setup: confidence 8.8% < required 80% (conservative mode)
  passed: market structure (+1.00); trend strength (ADX) (+1.00)
  failed: trend alignment (-0.50); volume (-0.17); momentum (-0.04); support/resistance (-0.11); liquidity sweep (-1.00)
  + BOS down through 737.75 on 15m (5 bars ago)
  - higher-timeframe trend: 1d=up, 4h=range
  - MACD histogram +0.203 and rising on 15m
  + RSI(14) = 31 on 15m
  - liquidity grab below lows at 736.80 on 5m
  + ADX 53 with -DI leading on 15m
  + EMA stack: 0/4 timeframes bullish, 2 bearish
  + price below VWAP on 15m
  - net buying pressure +0.17 on 15m
  - price in discount of swing range 740.80–755.58 (position 0.45)
  + supertrend: 1d=bear, 4h=bull
2026-07-26T01:19:51.230Z INFO     optionspilot.engine | SPY: short 13.4% | conservative | no trade
  gate: poor setup: confidence 13.4% < required 80% (conservative mode)
  passed: market structure (+1.00); momentum (+0.30); trend strength (ADX) (+1.00); candlestick confirmation (+0.60)
  failed: trend alignment (-0.50); volume (-0.13); support/resistance (-0.11); liquidity sweep (-1.00); no consolidation (-0.50)
  + BOS down through 736.63 on 5m (0 bars ago)
  - higher-timeframe trend: 1d=up, 4h=range
  + RSI(14) = 29 on 15m
  - liquidity grab below lows at 736.80 on 5m
  + ADX 53 with -DI leading on 15m
  + EMA stack: 0/4 timeframes bullish, 2 bearish
  + price below VWAP on 15m
  + candlesticks: bearish_engulfing (15m)
  - MACD histogram +0.194 and falling on 15m
  - net buying pressure +0.13 on 15m
  - price in discount of swing range 740.80–755.58 (position 0.45)
  + supertrend: 1d=bear, 4h=bull
  - entry timeframe is consolidating — confidence damped 25%
2026-07-26T01:19:51.318Z INFO     optionspilot.engine | SPY: long 16.6% | conservative | no trade
  gate: poor setup: confidence 16.6% < required 80% (conservative mode)
  passed: trend alignment (+0.50); market structure (+0.70); momentum (+0.23); liquidity sweep (+1.00); candlestick confirmation (+0.60)
  failed: volume (+0.10); support/resistance (+0.11); trend strength (ADX) (-1.00); no consolidation (-0.50)
  + CHOCH up through 737.39 on 5m (1 bars ago)
  + higher-timeframe trend: 1d=up, 4h=range
  + MACD histogram +0.254 and rising on 15m
  + liquidity grab below lows at 736.63 on 5m
  - ADX 52 with -DI leading on 15m
  - RSI(14) = 37 on 15m
  - price below VWAP on 15m
  + candlesticks: bullish_engulfing (15m)
  + net buying pressure +0.10 on 15m
  + price in discount of swing range 740.80–755.58 (position 0.45)
  + supertrend: 1d=bear, 4h=bull
  + EMA stack: 0/4 timeframes bullish, 0 bearish
  - entry timeframe is consolidating — confidence damped 25%
2026-07-26T01:19:51.393Z INFO     optionspilot.engine | SPY: short 32.3% | conservative | no trade
  gate: poor setup: confidence 32.3% < required 80% (conservative mode)
  passed: market structure (+0.70); volume (+0.51); momentum (+0.24); trend strength (ADX) (+1.00); liquidity sweep (+1.00); candlestick confirmation (+0.60)
  failed: trend alignment (-0.50); support/resistance (-0.11)
  + CHOCH down through 736.47 on 5m (0 bars ago)
  - higher-timeframe trend: 1d=up, 4h=range
  + liquidity grab above highs at 737.39 on 5m
  + RSI(14) = 32 on 15m
  + ADX 52 with -DI leading on 15m
  + elevated volume (2.3x average) confirming flow on 15m
  + EMA stack: 0/4 timeframes bullish, 2 bearish
  + price below VWAP on 15m
  + candlesticks: bearish_engulfing (15m)
  - MACD histogram +0.218 and falling on 15m
  + net selling pressure -0.13 on 15m
  - price in discount of swing range 740.80–755.58 (position 0.45)
  + supertrend: 1d=bear, 4h=bull
2026-07-26T01:19:51.498Z INFO     optionspilot.engine | SPY: long 22.6% | conservative | no trade
  gate: poor setup: confidence 22.6% < required 80% (conservative mode)
  passed: trend alignment (+0.50); market structure (+0.70); volume (+0.54); momentum (+0.48); support/resistance (+0.45); liquidity sweep (+1.00)
  failed: trend strength (ADX) (-1.00)
  + CHOCH up through 737.69 on 15m (0 bars ago)
  + higher-timeframe trend: 1d=up, 4h=range
  - supertrend: 1d=bear, 4h=bear
  + MACD histogram +0.324 and rising on 15m
  + liquidity grab below lows at 736.47 on 5m
  - ADX 51 with -DI leading on 15m
  + elevated volume (6.0x average) confirming flow on 15m
  + price at unmitigated support (bullish FVG/OB) on 15m
  - price below VWAP on 15m
  + price in discount of swing range 740.80–755.58 (position 0.45)
  + net buying pressure +0.08 on 15m
  - RSI(14) = 44 on 15m
  + EMA stack: 0/4 timeframes bullish, 0 bearish
2026-07-26T01:19:51.626Z INFO     optionspilot.engine | SPY: long 19.1% | conservative | no trade
  gate: poor setup: confidence 19.1% < required 80% (conservative mode)
  passed: trend alignment (+0.50); market structure (+0.70); volume (+0.30); momentum (+0.50); support/resistance (+0.90); liquidity sweep (+1.00)
  failed: trend strength (ADX) (-0.96); candlestick confirmation (-1.00)
  + CHOCH up through 737.69 on 15m (1 bars ago)
  + higher-timeframe trend: 1d=up, 4h=range
  - supertrend: 1d=bear, 4h=bear
  + MACD histogram +0.432 and rising on 15m
  + liquidity grab below lows at 736.47 on 5m
  - candlesticks: shooting_star (15m), evening_star (5m)
  + price in discount of swing range 740.80–755.58 (position -0.18)
  - ADX 48 with -DI leading on 15m
  + price at unmitigated support (bullish FVG/OB) on 15m
  - price below VWAP on 15m
  + elevated volume (1.3x average) confirming flow on 15m
  + net buying pressure +0.08 on 15m
  + EMA stack: 0/4 timeframes bullish, 0 bearish
  + RSI(14) = 48 on 15m
2026-07-26T01:19:51.710Z INFO     optionspilot.engine | SPY: long 2.0% | conservative | no trade
  gate: poor setup: confidence 2.0% < required 80% (conservative mode)
  passed: trend alignment (+0.50); market structure (+0.70); support/resistance (+0.90)
  failed: volume (-0.00); momentum (+0.11); trend strength (ADX) (-0.92); liquidity sweep (-1.00)
  + CHOCH up through 737.69 on 15m (2 bars ago)
  + higher-timeframe trend: 1d=up, 4h=range
  - supertrend: 1d=bear, 4h=bear
  - liquidity grab above highs at 737.90 on 5m
  + price in discount of swing range 740.80–755.58 (position -0.18)
  - ADX 46 with -DI leading on 15m
  + price at unmitigated support (bullish FVG/OB) on 15m
  - price below VWAP on 15m
  + MACD histogram +0.411 and falling on 15m
  - EMA stack: 0/4 timeframes bullish, 1 bearish
  - RSI(14) = 42 on 15m
  - net selling pressure -0.00 on 15m
2026-07-26T01:19:51.808Z INFO     optionspilot.engine | SPY: long 11.4% | conservative | no trade
  gate: poor setup: confidence 11.4% < required 80% (conservative mode)
  passed: trend alignment (+0.50); market structure (+0.70); volume (+0.27); momentum (+0.50)
  failed: support/resistance (+0.10); trend strength (ADX) (-0.89); liquidity sweep (-1.00)
  + CHOCH up through 737.69 on 15m (3 bars ago)
  + higher-timeframe trend: 1d=up, 4h=range
  - supertrend: 1d=bear, 4h=bear
  + MACD histogram +0.521 and rising on 15m
  - liquidity grab above highs at 739.88 on 5m
  + price in discount of swing range 740.80–755.58 (position -0.18)
  - ADX 44 with -DI leading on 15m
  - price at unmitigated resistance (bearish FVG/OB) on 15m
  + price above VWAP on 15m
  + elevated volume (1.3x average) confirming flow on 15m
  + net buying pressure +0.04 on 15m
  + EMA stack: 0/4 timeframes bullish, 0 bearish
  + RSI(14) = 52 on 15m
2026-07-26T01:19:51.921Z INFO     optionspilot.engine | SPY: long 11.8% | conservative | no trade
  gate: poor setup: confidence 11.8% < required 80% (conservative mode)
  passed: trend alignment (+0.50); market structure (+0.70); momentum (+0.50)
  failed: volume (+0.04); support/resistance (+0.10); trend strength (ADX) (-0.85); liquidity sweep (-1.00)
  + CHOCH up through 737.69 on 15m (4 bars ago)
  + higher-timeframe trend: 1d=up, 4h=range
  - supertrend: 1d=bear, 4h=bear
  + MACD histogram +0.553 and rising on 15m
  - liquidity grab above highs at 739.88 on 5m
  + price in discount of swing range 740.80–755.58 (position -0.18)
  - ADX 43 with -DI leading on 15m
  - price at unmitigated resistance (bearish FVG/OB) on 15m
  + price above VWAP on 15m
  + EMA stack: 1/4 timeframes bullish, 0 bearish
  + net buying pressure +0.04 on 15m
  + RSI(14) = 50 on 15m
2026-07-26T01:19:51.999Z INFO     optionspilot.engine | SPY: short 6.7% | conservative | no trade
  gate: poor setup: confidence 6.7% < required 80% (conservative mode)
  passed: trend strength (ADX) (+0.83); liquidity sweep (+1.00); candlestick confirmation (+1.00)
  failed: trend alignment (-0.50); market structure (-0.70); volume (-0.01); momentum (-0.20); support/resistance (-1.00)
  - CHOCH up through 737.69 on 15m (5 bars ago)
  - higher-timeframe trend: 1d=up, 4h=range
  + supertrend: 1d=bear, 4h=bear
  + liquidity grab above highs at 739.88 on 5m
  + candlesticks: bearish_marubozu (15m), evening_star (15m), shooting_star (5m)
  - price in discount of swing range 740.80–755.58 (position -0.18)
  + ADX 41 with -DI leading on 15m
  + price below VWAP on 15m
  - MACD histogram +0.476 and falling on 15m
  + EMA stack: 0/4 timeframes bullish, 1 bearish
  - net buying pressure +0.01 on 15m
  + RSI(14) = 45 on 15m
2026-07-26T01:19:52.070Z INFO     optionspilot.engine | SPY: long 39.1% | conservative | no trade
  gate: average setup: confidence 39.1% < required 80% (conservative mode)
  passed: trend alignment (+0.50); market structure (+1.00); momentum (+0.52); support/resistance (+0.90); trend strength (ADX) (+0.77); candlestick confirmation (+1.00)
  failed: volume (+0.06); liquidity sweep (-1.00)
  + BOS up through 739.95 on 5m (0 bars ago)
  + higher-timeframe trend: 1d=up, 4h=range
  - supertrend: 1d=bear, 4h=bear
  + MACD histogram +0.586 and rising on 15m
  - liquidity grab above highs at 739.88 on 5m
  + candlesticks: bullish_engulfing (15m), bullish_marubozu (5m)
  + price in discount of swing range 740.80–755.58 (position -0.18)
  + ADX 38 with +DI leading on 15m
  + price at unmitigated support (bullish FVG/OB) on 15m
  + price above VWAP on 15m
  + EMA stack: 1/4 timeframes bullish, 0 bearish
  + net buying pressure +0.06 on 15m
  + RSI(14) = 56 on 15m
2026-07-26T01:19:52.146Z INFO     optionspilot.engine | SPY: long 31.4% | conservative | no trade
  gate: poor setup: confidence 31.4% < required 80% (conservative mode)
  passed: trend alignment (+0.50); market structure (+1.00); volume (+0.31); momentum (+0.65); trend strength (ADX) (+0.74); candlestick confirmation (+0.60)
  failed: support/resistance (+0.10); liquidity sweep (-1.00)
  + BOS up through 739.95 on 5m (3 bars ago)
  + higher-timeframe trend: 1d=up, 4h=range
  - supertrend: 1d=bear, 4h=bear
  + MACD histogram +0.716 and rising on 15m
  - liquidity grab above highs at 739.95 on 5m
  + price in discount of swing range 740.80–755.58 (position -0.18)
  + ADX 37 with +DI leading on 15m
  - price at unmitigated resistance (bearish FVG/OB) on 15m
  + price above VWAP on 15m
  + candlesticks: bullish_engulfing (5m)
  + RSI(14) = 60 on 15m
  + elevated volume (1.2x average) confirming flow on 15m
  + EMA stack: 1/4 timeframes bullish, 0 bearish
  + net buying pressure +0.12 on 15m
2026-07-26T01:19:52.220Z INFO     optionspilot.engine | SPY: long 30.2% | conservative | no trade
  gate: poor setup: confidence 30.2% < required 80% (conservative mode)
  passed: trend alignment (+0.50); market structure (+1.00); momentum (+0.73); support/resistance (+1.00); trend strength (ADX) (+0.72)
  failed: volume (+0.12); liquidity sweep (-1.00); candlestick confirmation (-0.60)
  + BOS up through 739.95 on 5m (6 bars ago)
  + higher-timeframe trend: 1d=up, 4h=range
  - supertrend: 1d=bear, 4h=bear
  + MACD histogram +0.816 and rising on 15m
  - liquidity grab above highs at 739.95 on 5m
  + price in discount of swing range 740.80–755.58 (position -0.18)
  + ADX 36 with +DI leading on 15m
  + price above VWAP on 15m
  - candlesticks: shooting_star (5m)
  + RSI(14) = 62 on 15m
  + EMA stack: 1/4 timeframes bullish, 0 bearish
  + net buying pressure +0.12 on 15m
2026-07-26T01:19:52.292Z INFO     optionspilot.engine | SPY: long 31.6% | conservative | no trade
  gate: average setup: confidence 31.6% < required 80% (conservative mode)
  passed: trend alignment (+0.50); market structure (+0.70); momentum (+0.68); support/resistance (+1.00); trend strength (ADX) (+0.71)
  failed: volume (+0.13); liquidity sweep (-1.00)
  + CHOCH up through 737.69 on 15m (9 bars ago)
  + higher-timeframe trend: 1d=up, 4h=range
  - supertrend: 1d=bear, 4h=bear
  + MACD histogram +0.823 and rising on 15m
  - liquidity grab above highs at 739.95 on 5m
  + price in discount of swing range 740.80–755.58 (position -0.18)
  + ADX 36 with +DI leading on 15m
  + price above VWAP on 15m
  + RSI(14) = 60 on 15m
  + EMA stack: 1/4 timeframes bullish, 0 bearish
  + net buying pressure +0.13 on 15m
2026-07-26T01:19:52.404Z INFO     optionspilot.engine | SPY: long 36.5% | conservative | no trade
  gate: average setup: confidence 36.5% < required 80% (conservative mode)
  passed: market structure (+0.70); volume (+0.15); momentum (+0.75); support/resistance (+1.00); trend strength (ADX) (+0.70); candlestick confirmation (+0.60)
  failed: trend alignment (+0.00)
  + CHOCH up through 737.69 on 15m (10 bars ago)
  - supertrend: 1d=bear, 4h=bear
  + MACD histogram +0.835 and rising on 15m
  + price in discount of swing range 740.80–755.58 (position -0.18)
  + ADX 35 with +DI leading on 15m
  + RSI(14) = 62 on 15m
  + price above VWAP on 15m
  + candlesticks: bullish_engulfing (15m)
  + EMA stack: 1/4 timeframes bullish, 0 bearish
  + net buying pressure +0.15 on 15m
  + higher-timeframe trend: 1d=up, 4h=down
2026-07-26T01:19:52.498Z INFO     optionspilot.engine | SPY: long 17.8% | conservative | no trade
  gate: poor setup: confidence 17.8% < required 80% (conservative mode)
  passed: market structure (+1.00); momentum (+0.44); support/resistance (+1.00); trend strength (ADX) (+0.70)
  failed: trend alignment (+0.00); volume (+0.15); liquidity sweep (-1.00); candlestick confirmation (-0.60)
  + BOS up through 743.25 on 5m (1 bars ago)
  - supertrend: 1d=bear, 4h=bear
  - liquidity grab above highs at 743.25 on 5m
  + price in discount of swing range 740.80–755.58 (position -0.18)
  + ADX 35 with +DI leading on 15m
  + RSI(14) = 62 on 15m
  + price above VWAP on 15m
  - candlesticks: bearish_engulfing (5m)
  + MACD histogram +0.799 and falling on 15m
  + EMA stack: 1/4 timeframes bullish, 0 bearish
  + net buying pressure +0.15 on 15m
  + higher-timeframe trend: 1d=up, 4h=down
2026-07-26T01:19:52.580Z INFO     optionspilot.engine | SPY: long 23.3% | conservative | no trade
  gate: average setup: confidence 23.3% < required 80% (conservative mode)
  passed: market structure (+1.00); momentum (+0.47); support/resistance (+1.00); trend strength (ADX) (+0.69)
  failed: trend alignment (+0.00); volume (+0.14); liquidity sweep (-1.00)
  + BOS up through 743.25 on 5m (4 bars ago)
  - supertrend: 1d=bear, 4h=bear
  - liquidity grab above highs at 743.25 on 5m
  + price in discount of swing range 740.80–755.58 (position -0.18)
  + ADX 35 with +DI leading on 15m
  + RSI(14) = 63 on 15m
  + price above VWAP on 15m
  + MACD histogram +0.750 and falling on 15m
  + EMA stack: 1/4 timeframes bullish, 0 bearish
  + net buying pressure +0.14 on 15m
  + higher-timeframe trend: 1d=up, 4h=down
2026-07-26T01:19:52.653Z INFO     optionspilot.engine | SPY: short 5.7% | conservative | no trade
  gate: poor setup: confidence 5.7% < required 80% (conservative mode)
  passed: market structure (+0.70); liquidity sweep (+1.00); candlestick confirmation (+1.00)
  failed: trend alignment (-0.00); volume (-0.23); momentum (-0.20); support/resistance (-0.90); trend strength (ADX) (-0.66)
  + CHOCH down through 742.81 on 5m (2 bars ago)
  + supertrend: 1d=bear, 4h=bear
  + liquidity grab above highs at 743.25 on 5m
  + candlesticks: bearish_marubozu (15m), bearish_marubozu (5m)
  - price in discount of swing range 740.80–755.58 (position -0.18)
  - price at unmitigated support (bullish FVG/OB) on 15m
  - ADX 33 with +DI leading on 15m
  - price above VWAP on 15m
  - MACD histogram +0.582 and falling on 15m
  - net buying pressure +0.23 on 15m
  - RSI(14) = 55 on 15m
  + higher-timeframe trend: 1d=up, 4h=down
  + EMA stack: 0/4 timeframes bullish, 0 bearish
2026-07-26T01:19:52.725Z INFO     optionspilot.engine | SPY: short 3.8% | conservative | no trade
  gate: poor setup: confidence 3.8% < required 80% (conservative mode)
  passed: market structure (+0.70); liquidity sweep (+1.00)
  failed: trend alignment (-0.00); volume (-0.04); momentum (-0.20); support/resistance (-0.10); trend strength (ADX) (-0.62); candlestick confirmation (-1.00)
  + CHOCH down through 742.81 on 5m (5 bars ago)
  + supertrend: 1d=bear, 4h=bear
  + liquidity grab above highs at 743.25 on 5m
  - candlesticks: bullish_engulfing (5m), morning_star (5m)
  - price in discount of swing range 740.80–755.58 (position -0.18)
  + price at unmitigated resistance (bearish FVG/OB) on 15m
  - ADX 31 with +DI leading on 15m
  - price above VWAP on 15m
  - MACD histogram +0.431 and falling on 15m
  - net buying pressure +0.04 on 15m
  + higher-timeframe trend: 1d=up, 4h=down
  + EMA stack: 0/4 timeframes bullish, 0 bearish
  + RSI(14) = 54 on 15m
2026-07-26T01:19:52.794Z INFO     optionspilot.engine | SPY: short 2.5% | conservative | no trade
  gate: poor setup: confidence 2.5% < required 80% (conservative mode)
  passed: market structure (+1.00); trend strength (ADX) (+0.58)
  failed: trend alignment (-0.00); volume (-0.09); momentum (-0.20); support/resistance (-1.00); liquidity sweep (-1.00)
  + BOS down through 740.74 on 5m (1 bars ago)
  + supertrend: 1d=bear, 4h=bear
  - liquidity grab below lows at 740.74 on 5m
  - price in discount of swing range 740.80–755.58 (position -0.18)
  - price above VWAP on 15m
  + ADX 29 with -DI leading on 15m
  - MACD histogram +0.278 and falling on 15m
  - net buying pressure +0.09 on 15m
  + higher-timeframe trend: 1d=up, 4h=down
  + EMA stack: 0/4 timeframes bullish, 0 bearish
  + RSI(14) = 52 on 15m
2026-07-26T01:19:52.879Z INFO     optionspilot.engine | SPY: long 2.7% | conservative | no trade
  gate: poor setup: confidence 2.7% < required 80% (conservative mode)
  passed: volume (+0.22); momentum (+0.20); support/resistance (+1.00); liquidity sweep (+1.00); candlestick confirmation (+0.60)
  failed: trend alignment (+0.00); market structure (-1.00); trend strength (ADX) (-0.54)
  - BOS down through 740.74 on 5m (4 bars ago)
  - supertrend: 1d=bear, 4h=bear
  + liquidity grab below lows at 740.74 on 5m
  + price in discount of swing range 740.80–755.58 (position -0.18)
  + price above VWAP on 15m
  + candlesticks: bullish_engulfing (5m)
  - ADX 27 with -DI leading on 15m
  + MACD histogram +0.214 and falling on 15m
  + net buying pressure +0.22 on 15m
  + higher-timeframe trend: 1d=up, 4h=down
  + EMA stack: 0/4 timeframes bullish, 0 bearish
  + RSI(14) = 55 on 15m
2026-07-26T01:19:52.956Z INFO     optionspilot.engine | SPY: long 0.9% | conservative | no trade
  gate: poor setup: confidence 0.9% < required 80% (conservative mode)
  passed: momentum (+0.20); support/resistance (+1.00); trend strength (ADX) (+0.51); liquidity sweep (+1.00)
  failed: trend alignment (+0.00); market structure (-1.00); volume (+0.11); candlestick confirmation (-0.60)
  - BOS down through 740.74 on 5m (7 bars ago)
  - supertrend: 1d=bear, 4h=bear
  + liquidity grab below lows at 740.74 on 5m
  + price in discount of swing range 740.80–755.58 (position -0.18)
  + price above VWAP on 15m
  - candlesticks: bearish_marubozu (5m)
  + ADX 25 with +DI leading on 15m
  + MACD histogram +0.119 and falling on 15m
  + net buying pressure +0.11 on 15m
  + higher-timeframe trend: 1d=up, 4h=down
  + EMA stack: 0/4 timeframes bullish, 0 bearish
  + RSI(14) = 52 on 15m
2026-07-26T01:19:53.047Z INFO     optionspilot.engine | SPY: short 2.3% | conservative | no trade
  gate: poor setup: confidence 2.3% < required 80% (conservative mode)
  passed: market structure (+1.00); candlestick confirmation (+1.00)
  failed: trend alignment (-0.00); volume (-0.06); momentum (-0.20); support/resistance (-1.00); trend strength (ADX) (-0.47); liquidity sweep (-1.00)
  + BOS down through 740.74 on 5m (10 bars ago)
  + supertrend: 1d=bear, 4h=bear
  - liquidity grab below lows at 740.74 on 5m
  + candlesticks: shooting_star (15m), evening_star (5m)
  - price in discount of swing range 740.80–755.58 (position -0.18)
  - price above VWAP on 15m
  - MACD histogram +0.043 and falling on 15m
  - ADX 23 with +DI leading on 15m
  - net buying pressure +0.06 on 15m
  + higher-timeframe trend: 1d=up, 4h=down
  + EMA stack: 0/4 timeframes bullish, 0 bearish
  + RSI(14) = 51 on 15m
2026-07-26T01:19:53.162Z INFO     optionspilot.engine | SPY: short 11.2% | conservative | no trade
  gate: poor setup: confidence 11.2% < required 80% (conservative mode)
  passed: market structure (+1.00); momentum (+0.50); trend strength (ADX) (+0.44); candlestick confirmation (+0.60)
  failed: trend alignment (-0.00); volume (-0.11); support/resistance (-0.90); liquidity sweep (-1.00)
  + BOS down through 740.92 on 5m (2 bars ago)
  + supertrend: 1d=bear, 4h=bear
  + MACD histogram -0.037 and falling on 15m
  - liquidity grab below lows at 740.92 on 5m
  - price in discount of swing range 740.80–755.58 (position -0.18)
  - price at unmitigated support (bullish FVG/OB) on 15m
  - price above VWAP on 15m
  + candlesticks: bearish_engulfing (5m)
  + ADX 22 with -DI leading on 15m
  - net buying pressure +0.11 on 15m
  + higher-timeframe trend: 1d=up, 4h=down
  + EMA stack: 0/4 timeframes bullish, 0 bearish
  + RSI(14) = 49 on 15m
2026-07-26T01:19:53.260Z INFO     optionspilot.engine | SPY: short 23.1% | conservative | no trade
  gate: average setup: confidence 23.1% < required 80% (conservative mode)
  passed: market structure (+0.70); momentum (+0.59); trend strength (ADX) (+0.45); candlestick confirmation (+0.60)
  failed: trend alignment (-0.00); volume (+0.06); support/resistance (-1.00); liquidity sweep (-1.00)
  + CHOCH down through 740.23 on 15m (0 bars ago)
  + supertrend: 1d=bear, 4h=bear
  + MACD histogram -0.188 and falling on 15m
  - liquidity grab below lows at 740.92 on 5m
  - price in discount of swing range 740.80–755.58 (position -0.18)
  + price below VWAP on 15m
  + candlesticks: bearish_marubozu (15m)
  + ADX 22 with -DI leading on 15m
  + RSI(14) = 42 on 15m
  + net selling pressure -0.06 on 15m
  + higher-timeframe trend: 1d=up, 4h=down
  + EMA stack: 0/4 timeframes bullish, 0 bearish
2026-07-26T01:19:53.372Z INFO     optionspilot.engine | SPY: short 32.7% | conservative | no trade
  gate: average setup: confidence 32.7% < required 80% (conservative mode)
  passed: market structure (+0.70); volume (+0.45); momentum (+0.74); trend strength (ADX) (+0.46); candlestick confirmation (+0.60)
  failed: trend alignment (-0.00); support/resistance (-1.00); liquidity sweep (-1.00)
  + CHOCH down through 740.23 on 15m (1 bars ago)
  + supertrend: 1d=bear, 4h=bear
  + MACD histogram -0.352 and falling on 15m
  - liquidity grab below lows at 740.92 on 5m
  - price in discount of swing range 740.80–755.58 (position -0.18)
  + EMA stack: 0/4 timeframes bullish, 2 bearish
  + RSI(14) = 38 on 15m
  + price below VWAP on 15m
  + candlesticks: bearish_engulfing (5m)
  + elevated volume (1.6x average) confirming flow on 15m
  + ADX 23 with -DI leading on 15m
  + net selling pressure -0.28 on 15m
  + higher-timeframe trend: 1d=up, 4h=down
2026-07-26T01:19:53.534Z INFO     optionspilot.engine | SPY: short 31.9% | conservative | no trade
  gate: average setup: confidence 31.9% < required 80% (conservative mode)
  passed: market structure (+0.70); volume (+0.32); momentum (+0.64); trend strength (ADX) (+0.48)
  failed: trend alignment (-0.00); support/resistance (-1.00); candlestick confirmation (-0.60)
  + CHOCH down through 740.23 on 15m (2 bars ago)
  + supertrend: 1d=bear, 4h=bear
  + MACD histogram -0.405 and falling on 15m
  - price in discount of swing range 740.80–755.58 (position -0.18)
  + EMA stack: 0/4 timeframes bullish, 2 bearish
  + price below VWAP on 15m
  - candlesticks: bullish_engulfing (5m)
  + ADX 24 with -DI leading on 15m
  + net selling pressure -0.32 on 15m
  + RSI(14) = 41 on 15m
  + higher-timeframe trend: 1d=up, 4h=down
2026-07-26T01:19:53.638Z INFO     optionspilot.engine | SPY: short 48.0% | conservative | no trade
  gate: average setup: confidence 48.0% < required 80% (conservative mode)
  passed: market structure (+1.00); volume (+0.59); momentum (+0.74); trend strength (ADX) (+0.50); candlestick confirmation (+0.60)
  failed: trend alignment (-0.00); support/resistance (-1.00)
  + BOS down through 737.64 on 5m (1 bars ago)
  + supertrend: 1d=bear, 4h=bear
  + MACD histogram -0.469 and falling on 15m
  - price in discount of swing range 740.80–755.58 (position -0.18)
  + EMA stack: 0/4 timeframes bullish, 2 bearish
  + elevated volume (2.0x average) confirming flow on 15m
  + price below VWAP on 15m
  + candlesticks: bearish_engulfing (15m)
  + RSI(14) = 38 on 15m
  + ADX 25 with -DI leading on 15m
  + net selling pressure -0.38 on 15m
  + higher-timeframe trend: 1d=up, 4h=down
2026-07-26T01:19:53.763Z INFO     optionspilot.engine | SPY: short 32.3% | conservative | no trade
  gate: average setup: confidence 32.3% < required 80% (conservative mode)
  passed: market structure (+0.70); volume (+0.54); momentum (+0.73); trend strength (ADX) (+0.52)
  failed: trend alignment (-0.00); support/resistance (-1.00); liquidity sweep (-1.00)
  + CHOCH down through 740.23 on 15m (4 bars ago)
  + supertrend: 1d=bear, 4h=bear
  + MACD histogram -0.482 and falling on 15m
  - liquidity grab below lows at 737.64 on 5m
  - price in discount of swing range 740.80–755.58 (position -0.18)
  + EMA stack: 0/4 timeframes bullish, 2 bearish
  + price below VWAP on 15m
  + RSI(14) = 38 on 15m
  + ADX 26 with -DI leading on 15m
  + elevated volume (1.7x average) confirming flow on 15m
  + net selling pressure -0.40 on 15m
  + higher-timeframe trend: 1d=up, 4h=down
2026-07-26T01:19:53.880Z INFO     optionspilot.engine | SPY: short 24.3% | conservative | no trade
  gate: poor setup: confidence 24.3% < required 80% (conservative mode)
  passed: market structure (+0.70); volume (+0.60); momentum (+0.30); trend strength (ADX) (+0.52); no opposing divergence (+1.00)
  failed: trend alignment (-0.00); support/resistance (-1.00); liquidity sweep (-1.00); candlestick confirmation (-0.60)
  + CHOCH down through 740.23 on 15m (5 bars ago)
  + supertrend: 1d=bear, 4h=bear
  + bearish price/OBV divergence on 15m
  - liquidity grab below lows at 737.64 on 5m
  - price in discount of swing range 740.80–755.58 (position -0.18)
  + elevated volume (2.2x average) confirming flow on 15m
  + price below VWAP on 15m
  - candlesticks: morning_star (15m)
  + ADX 26 with -DI leading on 15m
  + MACD histogram -0.425 and rising on 15m
  + net selling pressure -0.30 on 15m
  + EMA stack: 0/4 timeframes bullish, 1 bearish
  + RSI(14) = 42 on 15m
  + higher-timeframe trend: 1d=up, 4h=down
2026-07-26T01:19:54.089Z INFO     optionspilot.engine | SPY: short 5.8% | conservative | no trade
  gate: poor setup: confidence 5.8% < required 80% (conservative mode)
  passed: volume (+0.53); momentum (+0.20); trend strength (ADX) (+0.51)
  failed: trend alignment (-0.00); market structure (-0.70); support/resistance (-0.10); liquidity sweep (-1.00); no consolidation (-0.50)
  - CHOCH up through 738.66 on 5m (0 bars ago)
  + supertrend: 1d=bear, 4h=bear
  - liquidity grab below lows at 737.64 on 5m
  - price in discount of swing range 740.80–755.58 (position -0.18)
  + elevated volume (4.7x average) confirming flow on 15m
  + price at unmitigated resistance (bearish FVG/OB) on 15m
  + price below VWAP on 15m
  + ADX 26 with -DI leading on 15m
  + MACD histogram -0.328 and rising on 15m
  + EMA stack: 0/4 timeframes bullish, 1 bearish
  + net selling pressure -0.05 on 15m
  + higher-timeframe trend: 1d=up, 4h=down
  + RSI(14) = 45 on 15m
  - entry timeframe is consolidating — confidence damped 25%
2026-07-26T01:20:01.272Z INFO     optionspilot.engine | SPY: short 19.9% | custom | no trade
  gate: poor setup: confidence 19.9% < required 80% (custom mode)
  passed: trend alignment (+1.00); volume (+0.53); momentum (+0.20); trend strength (ADX) (+0.51)
  failed: market structure (-0.70); support/resistance (+0.15); liquidity sweep (-1.00); no consolidation (-0.50)
  + higher-timeframe trend: 4h=down
  - CHOCH up through 738.66 on 5m (0 bars ago)
  + supertrend: 4h=bear
  - liquidity grab below lows at 737.64 on 5m
  + elevated volume (4.7x average) confirming flow on 15m
  + price at unmitigated resistance (bearish FVG/OB) on 15m
  + price below VWAP on 15m
  + ADX 26 with -DI leading on 15m
  - price in discount of swing range 735.21–750.02 (position 0.25)
  + MACD histogram -0.328 and rising on 15m
  + EMA stack: 0/3 timeframes bullish, 1 bearish
  + net selling pressure -0.05 on 15m
  + RSI(14) = 45 on 15m
  - entry timeframe is consolidating — confidence damped 25%
2026-07-26T01:20:01.274Z INFO     optionspilot.engine | QQQ: short 42.5% | custom | no trade
  gate: average setup: confidence 42.5% < required 80% (custom mode)
  passed: trend alignment (+1.00); market structure (+0.70); volume (+0.54); momentum (+0.44); trend strength (ADX) (+0.65)
  failed: support/resistance (-1.00); no opposing divergence (-1.00)
  + higher-timeframe trend: 1d=down, 4h=down
  + CHOCH down through 687.70 on 15m (6 bars ago)
  + supertrend: 1d=bear, 4h=bear
  - bullish price/OBV divergence on 15m
  - price in discount of swing range 686.76–710.05 (position -0.11)
  + elevated volume (3.4x average) confirming flow on 15m
  + ADX 33 with -DI leading on 15m
  + EMA stack: 0/4 timeframes bullish, 2 bearish
  + price below VWAP on 15m
  + RSI(14) = 38 on 15m
  + MACD histogram -0.286 and rising on 15m
  + net selling pressure -0.08 on 15m
2026-07-26T01:20:01.455Z INFO     optionspilot.engine | AAPL: long 29.5% | custom | no trade
  gate: poor setup: confidence 29.5% < required 80% (custom mode)
  passed: trend alignment (+0.50); market structure (+0.70); momentum (+0.30); trend strength (ADX) (+1.00)
  failed: volume (-0.55); support/resistance (-0.83); liquidity sweep (-1.00)
  + CHOCH up through 333.10 on 5m (1 bars ago)
  + higher-timeframe trend: 1d=up, 4h=range
  + supertrend: 1d=bull, 4h=bull
  + EMA stack: 4/4 timeframes bullish, 0 bearish
  + RSI(14) = 71 on 15m
  - liquidity grab above highs at 333.10 on 5m
  + ADX 55 with +DI leading on 15m
  - price in premium of swing range 311.91–334.99 (position 0.91)
  - elevated volume (2.7x average) confirming flow on 15m
  + price above VWAP on 15m
  - MACD histogram -0.361 and rising on 15m
  - net selling pressure -0.10 on 15m
2026-07-26T01:20:01.617Z INFO     optionspilot.engine | MSFT: short 41.3% | custom | no trade
  gate: average setup: confidence 41.3% < required 80% (custom mode)
  passed: market structure (+1.00); volume (+0.65); momentum (+0.77); trend strength (ADX) (+0.54); liquidity sweep (+1.00)
  failed: trend alignment (-0.00); support/resistance (-0.78)
  + BOS down through 382.46 on 5m (0 bars ago)
  - supertrend: 1d=bull, 4h=bull
  + EMA stack: 0/4 timeframes bullish, 4 bearish
  + MACD histogram -0.280 and falling on 15m
  + liquidity grab above highs at 384.93 on 15m
  - price in discount of swing range 378.65–405.99 (position 0.11)
  + elevated volume (4.1x average) confirming flow on 15m
  + RSI(14) = 37 on 15m
  + price below VWAP on 15m
  + ADX 27 with -DI leading on 15m
  + net selling pressure -0.29 on 15m
  + higher-timeframe trend: 1d=up, 4h=down
2026-07-26T01:20:01.771Z INFO     optionspilot.engine | NVDA: long 10.8% | custom | no trade
  gate: poor setup: confidence 10.8% < required 80% (custom mode)
  passed: trend alignment (+0.50); market structure (+0.70); support/resistance (+0.36); no opposing divergence (+1.00)
  failed: volume (-0.56); momentum (-0.26); trend strength (ADX) (-0.50)
  + CHOCH up through 206.71 on 5m (0 bars ago)
  + higher-timeframe trend: 1d=up, 4h=range
  + bullish price/OBV divergence on 15m
  - elevated volume (2.7x average) confirming flow on 15m
  + price at unmitigated support (bullish FVG/OB) on 15m
  - price below VWAP on 15m
  - ADX 25 with -DI leading on 15m
  - MACD histogram -0.372 and rising on 15m
  - net selling pressure -0.13 on 15m
  - RSI(14) = 43 on 15m
  - price in equilibrium of swing range 197.97–214.39 (position 0.54)
  + supertrend: 1d=bear, 4h=bull
  + EMA stack: 0/4 timeframes bullish, 0 bearish
2026-07-26T01:20:01.950Z INFO     optionspilot.engine | AMZN: short 31.0% | custom | no trade
  gate: average setup: confidence 31.0% < required 80% (custom mode)
  passed: trend alignment (+0.50); volume (+0.55); momentum (+0.37); trend strength (ADX) (+0.55); no opposing divergence (+1.00); liquidity sweep (+1.00)
  failed: market structure (-0.70); support/resistance (-1.00)
  - CHOCH up through 232.17 on 5m (1 bars ago)
  + higher-timeframe trend: 1d=range, 4h=down
  + bearish price/OBV divergence on 15m
  + liquidity grab above highs at 232.17 on 5m
  - price in discount of swing range 243.59–258.08 (position -0.79)
  + EMA stack: 0/4 timeframes bullish, 3 bearish
  + elevated volume (3.4x average) confirming flow on 15m
  + price below VWAP on 15m
  + ADX 27 with -DI leading on 15m
  + MACD histogram -0.016 and rising on 15m
  + RSI(14) = 40 on 15m
  + net selling pressure -0.10 on 15m
  + supertrend: 1d=bull, 4h=bear
2026-07-26T01:20:02.132Z INFO     optionspilot.engine | GOOGL: long 0.3% | custom | no trade
  gate: poor setup: confidence 0.3% < required 80% (custom mode)
  passed: market structure (+0.70); volume (+0.50); momentum (+0.20); support/resistance (+1.00); liquidity sweep (+1.00)
  failed: trend alignment (-0.50); trend strength (ADX) (+0.00); candlestick confirmation (-0.60); no consolidation (-0.50)
  + CHOCH up through 320.26 on 5m (3 bars ago)
  - higher-timeframe trend: 1d=range, 4h=down
  - supertrend: 1d=bear, 4h=bear
  + liquidity grab below lows at 319.32 on 5m
  + price in discount of swing range 341.36–375.27 (position -0.64)
  - EMA stack: 0/4 timeframes bullish, 3 bearish
  + elevated volume (3.8x average) confirming flow on 15m
  - price below VWAP on 15m
  - candlesticks: bearish_engulfing (5m)
  + MACD histogram +0.189 and falling on 15m
  + net buying pressure +0.01 on 15m
  + RSI(14) = 47 on 15m
  + ADX 12: no meaningful trend on 15m
  - entry timeframe is consolidating — confidence damped 25%
2026-07-26T01:20:02.290Z INFO     optionspilot.engine | META: short 51.5% | custom | no trade
  gate: average setup: confidence 51.5% < required 80% (custom mode)
  passed: trend alignment (+1.00); market structure (+1.00); volume (+0.70); momentum (+1.00); trend strength (ADX) (+0.67); candlestick confirmation (+0.60)
  failed: support/resistance (-1.00); liquidity sweep (-1.00)
  + higher-timeframe trend: 1d=down, 4h=down
  + BOS down through 599.06 on 15m (0 bars ago)
  + RSI(14) = 28 on 15m
  + MACD histogram -0.341 and falling on 15m
  - liquidity grab below lows at 599.06 on 5m
  - price in discount of swing range 626.00–655.88 (position -1.03)
  + elevated volume (5.1x average) confirming flow on 15m
  + ADX 33 with -DI leading on 15m
  + EMA stack: 0/4 timeframes bullish, 2 bearish
  + price below VWAP on 15m
  + candlesticks: three_black_crows (5m)
  + net selling pressure -0.40 on 15m
  + supertrend: 1d=bull, 4h=bear
2026-07-26T01:20:02.448Z INFO     optionspilot.engine | AVGO: short 21.5% | custom | no trade
  gate: poor setup: confidence 21.5% < required 80% (custom mode)
  passed: trend alignment (+1.00); momentum (+0.24); support/resistance (+0.49); trend strength (ADX) (+0.72)
  failed: market structure (-0.70); volume (-0.56); liquidity sweep (-1.00)
  + higher-timeframe trend: 1d=down, 4h=down
  - CHOCH up through 381.54 on 15m (0 bars ago)
  + supertrend: 1d=bear, 4h=bear
  - liquidity grab below lows at 379.13 on 5m
  - elevated volume (6.7x average) confirming flow on 15m
  + ADX 36 with -DI leading on 15m
  + price at unmitigated resistance (bearish FVG/OB) on 15m
  + price below VWAP on 15m
  + MACD histogram -0.012 and rising on 15m
  + EMA stack: 0/4 timeframes bullish, 1 bearish
  + price in premium of swing range 357.80–398.59 (position 0.59)
  - net buying pressure +0.12 on 15m
  + RSI(14) = 44 on 15m
2026-07-26T01:20:02.627Z INFO     optionspilot.engine | JPM: long 36.9% | custom | no trade
  gate: poor setup: confidence 36.9% < required 80% (custom mode)
  passed: trend alignment (+1.00); market structure (+1.00); volume (+0.68); momentum (+0.19); trend strength (ADX) (+0.60)
  failed: support/resistance (-1.00); liquidity sweep (-1.00); no consolidation (-0.50)
  + higher-timeframe trend: 1d=up, 4h=up
  + BOS up through 353.07 on 15m (0 bars ago)
  + supertrend: 1d=bull, 4h=bull
  + EMA stack: 4/4 timeframes bullish, 0 bearish
  - liquidity grab above highs at 352.63 on 5m
  - price in premium of swing range 335.05–351.24 (position 1.12)
  + RSI(14) = 67 on 15m
  + elevated volume (3.4x average) confirming flow on 15m
  + ADX 30 with +DI leading on 15m
  + price above VWAP on 15m
  - MACD histogram -0.149 and rising on 15m
  + net buying pressure +0.37 on 15m
  - entry timeframe is consolidating — confidence damped 25%
2026-07-26T01:20:02.778Z INFO     optionspilot.engine | LLY: short 0.9% | custom | no trade
  gate: poor setup: confidence 0.9% < required 80% (custom mode)
  passed: momentum (+0.20); support/resistance (+0.90); liquidity sweep (+1.00)
  failed: trend alignment (-0.00); market structure (-0.70); volume (-0.53); trend strength (ADX) (-0.00); candlestick confirmation (-1.00)
  - CHOCH up through 1193.91 on 5m (2 bars ago)
  + liquidity grab above highs at 1193.91 on 5m
  - candlesticks: bullish_engulfing (15m), bullish_engulfing (5m)
  + price in premium of swing range 1139.00–1189.07 (position 1.14)
  - elevated volume (5.3x average) confirming flow on 15m
  + price at unmitigated resistance (bearish FVG/OB) on 15m
  - EMA stack: 2/4 timeframes bullish, 0 bearish
  + price below VWAP on 15m
  + MACD histogram -1.244 and rising on 15m
  - net buying pressure +0.07 on 15m
  + higher-timeframe trend: 1d=range, 4h=range
  + supertrend: 1d=bull, 4h=bear
  + RSI(14) = 55 on 15m
  + ADX 18: no meaningful trend on 15m
2026-07-26T01:20:02.967Z INFO     optionspilot.engine | V: long 71.3% | custom | no trade
  gate: excellent setup: confidence 71.3% < required 80% (custom mode)
  passed: trend alignment (+0.50); market structure (+1.00); volume (+0.63); momentum (+0.91); support/resistance (+0.17); trend strength (ADX) (+0.59); candlestick confirmation (+0.60)
  failed: none
  + BOS up through 355.02 on 15m (0 bars ago)
  + higher-timeframe trend: 1d=up, 4h=range
  + supertrend: 1d=bull, 4h=bull
  + EMA stack: 4/4 timeframes bullish, 0 bearish
  + MACD histogram +0.059 and rising on 15m
  + RSI(14) = 67 on 15m
  + elevated volume (5.5x average) confirming flow on 15m
  + price above VWAP on 15m
  + candlesticks: morning_star (15m)
  + ADX 29 with +DI leading on 15m
  + net buying pressure +0.27 on 15m
  + price in discount of swing range 349.12–365.14 (position 0.41)
